disc_era,hostname_canon,n_planets,avg_pl_rade,avg_pl_bmasse
2010s,koi-351,8,3.9,31.149
2010s,trappist-1,7,0.979,0.921
2010s,hd 10180,6,6.677,1587.701
2010s,hd 219134,6,3.669,25.24
2010s,kepler-11,6,2.967,7.85
2010s,kepler-20,6,2.293,9.387
2010s,kepler-80,6,1.813,747.391
2010s,gj 667 c,5,1.782,3.896
2010s,hd 34445,5,7.846,51.9
2010s,hip 41378,5,4.596,7.978
2010s,k2-138,5,2.499,6.386
2010s,kepler-102,5,1.042,2.96
2010s,kepler-122,5,2.952,20.852
2010s,kepler-150,5,2.898,9.262
2010s,kepler-154,5,2.41,6.912
2010s,kepler-169,5,1.674,3.638
2010s,kepler-186,5,1.232,1.948
2010s,kepler-238,5,2.958,732.768
2010s,kepler-292,5,2.008,4.878
2010s,kepler-296,5,1.806,3.95
2010s,kepler-32,5,1.844,495.024
2010s,kepler-33,5,3.754,4.63
2010s,kepler-444,5,0.543,0.15
2010s,kepler-55,5,1.874,24.424
2010s,kepler-62,5,1.364,19.6
2010s,kepler-82,5,3.698,237.214
2010s,kepler-84,5,2.154,15.086
2010s,dmpp-1,4,2.965,10.338
2010s,gj 3293,4,3.59,13.878
2010s,gj 676 a,4,7.338,1534.873
2010s,hd 141399,4,13.925,287.716
2010s,hd 20781,4,2.615,7.975
2010s,hd 215152,4,,695.011
2010s,k2-133,4,1.669,3.468
2010s,k2-187,4,1.725,3.758
2010s,k2-266,4,2.416,8.689
2010s,k2-285,4,2.638,10.64
2010s,k2-32,4,3.282,7.975
2010s,k2-72,4,1.135,1.537
2010s,kepler-106,4,1.708,8.753
2010s,kepler-107,4,1.724,8.9
2010s,kepler-132,4,1.305,2.22
2010s,kepler-1388,4,2.543,7.03
2010s,kepler-1542,4,0.76,0.381
2010s,kepler-167,4,3.698,82.527
2010s,kepler-172,4,2.555,7.103
2010s,kepler-176,4,1.997,73.527
2010s,kepler-197,4,1.095,2.253
2010s,kepler-208,4,1.425,2.615
2010s,kepler-215,4,1.883,8.588
2010s,kepler-220,4,1.172,1.695
2010s,kepler-221,4,2.5,6.683
2010s,kepler-223,4,4.068,6.325
2010s,kepler-224,4,2.195,5.715
2010s,kepler-235,4,1.945,4.55
2010s,kepler-24,4,2.328,85.325
2010s,kepler-245,4,2.383,500.36
2010s,kepler-251,4,2.41,6.657
2010s,kepler-256,4,2.143,5.313
2010s,kepler-26,4,2.245,4.738
2010s,kepler-265,4,2.393,6.378
2010s,kepler-282,4,1.943,30.02
2010s,kepler-286,4,1.428,2.658
2010s,kepler-299,4,1.925,4.523
2010s,kepler-304,4,2.245,5.943
2010s,kepler-306,4,2.153,5.368
2010s,kepler-338,4,2.335,13.613
2010s,kepler-341,4,1.68,3.498
2010s,kepler-342,4,1.895,4.391
2010s,kepler-37,4,0.866,3.048
2010s,kepler-402,4,1.405,2.56
2010s,kepler-411,4,3.355,19.5
2010s,kepler-48,4,5.008,170.87
2010s,kepler-49,4,2.046,63.793
2010s,kepler-65,4,4.855,67.985
2010s,kepler-758,4,1.955,4.578
2010s,kepler-79,4,4.46,6.725
2010s,kepler-85,4,1.557,3.322
2010s,koi-94,4,5.965,41.775
2010s,tau cet,4,1.498,2.86
2010s,v1298 tau,4,8.061,174.806
2010s,wasp-47,4,6.113,211.375
2010s,gj 163,3,3.89,15.6
2010s,gj 3138,3,2.097,5.487
2010s,gj 357,3,1.733,3.78
2010s,gj 9827,3,1.517,3.053
2010s,hd 136352,3,2.381,8.26
2010s,hd 20794,3,1.84,4.09
2010s,hd 31527,3,3.51,12.15
2010s,hd 3167,3,2.197,6.81
2010s,hip 57274,3,14.2,1218.949
2010s,hr 858,3,1.995,4.817
2010s,k2-136,3,1.86,8.467
2010s,k2-148,3,1.567,3.1
2010s,k2-155,3,2.1,5.143
2010s,k2-16,3,1.863,4.27
2010s,k2-165,3,1.826,4.233
2010s,k2-183,3,1.9,4.39
2010s,k2-19,3,4.07,17.733
2010s,k2-198,3,2.683,8.477
2010s,k2-219,3,1.787,4.067
2010s,k2-233,3,1.65,5.767
2010s,k2-239,3,1.067,1.237
2010s,k2-3,3,1.706,3.33
2010s,k2-37,3,2.037,7.133
2010s,k2-58,3,2.003,4.827
2010s,k2-80,3,2.011,4.833
2010s,kepler-100,3,1.717,4.687
2010s,kepler-104,3,3.27,10.762
2010s,kepler-114,3,1.797,2.597
2010s,kepler-124,3,1.197,1.812
2010s,kepler-1254,3,1.387,2.51
2010s,kepler-126,3,1.867,19.996
2010s,kepler-127,3,2.233,5.853
2010s,kepler-130,3,1.853,4.373
2010s,kepler-138,3,1.22,1.49
2010s,kepler-142,3,2.337,6.16
2010s,kepler-148,3,4.693,24.263
2010s,kepler-149,3,3.26,11.54
2010s,kepler-157,3,1.673,3.56
2010s,kepler-164,3,2.197,5.68
2010s,kepler-166,3,2.127,5.223
2010s,kepler-171,3,2.263,5.797
2010s,kepler-174,3,1.88,4.253
2010s,kepler-178,3,3.243,10.733
2010s,kepler-18,3,4.823,13.533
2010s,kepler-184,3,2.273,7.243
2010s,kepler-19,3,3.65,13.9
2010s,kepler-191,3,1.827,4.1
2010s,kepler-192,3,2.183,5.73
2010s,kepler-194,3,2.167,5.487
2010s,kepler-198,3,2.273,5.99
2010s,kepler-203,3,2.16,263.643
2010s,kepler-206,3,1.387,2.487
2010s,kepler-207,3,2.127,5.65
2010s,kepler-217,3,1.8,3.993
2010s,kepler-218,3,2.427,6.783
2010s,kepler-219,3,3.113,13.537
2010s,kepler-222,3,3.83,14.233
2010s,kepler-226,3,1.68,23.727
2010s,kepler-228,3,2.757,8.703
2010s,kepler-229,3,3.657,13.727
2010s,kepler-23,3,2.283,4.937
2010s,kepler-244,3,2.373,9.37
2010s,kepler-247,3,3.223,11.243
2010s,kepler-249,3,1.39,2.433
2010s,kepler-25,3,5.988,31.933
2010s,kepler-250,3,1.863,4.24
2010s,kepler-253,3,2.483,7.0
2010s,kepler-254,3,2.84,8.1
2010s,kepler-255,3,1.953,4.847
2010s,kepler-257,3,4.323,18.073
2010s,kepler-267,3,2.127,16.283
2010s,kepler-271,3,0.947,1.023
2010s,kepler-272,3,1.823,60.497
2010s,kepler-275,3,3.017,9.527
2010s,kepler-276,3,2.857,254.703
2010s,kepler-279,3,3.673,1422.61
2010s,kepler-288,3,2.397,6.513
2010s,kepler-289,3,5.583,55.403
2010s,kepler-295,3,1.25,2.037
2010s,kepler-298,3,2.13,5.227
2010s,kepler-30,3,8.333,224.8
2010s,kepler-301,3,1.483,2.83
2010s,kepler-305,3,3.22,7.567
2010s,kepler-31,3,4.9,1230.562
2010s,kepler-310,3,2.347,6.737
2010s,kepler-319,3,2.183,5.52
2010s,kepler-325,3,2.747,7.997
2010s,kepler-326,3,1.377,22.967
2010s,kepler-327,3,1.29,8.45
2010s,kepler-331,3,1.767,3.78
2010s,kepler-332,3,1.147,1.597
2010s,kepler-334,3,1.32,2.22
2010s,kepler-336,3,1.83,4.103
2010s,kepler-339,3,1.247,8.2
2010s,kepler-350,3,2.583,12.633
2010s,kepler-351,3,2.99,7.917
2010s,kepler-354,3,1.463,2.793
2010s,kepler-357,3,2.647,7.75
2010s,kepler-359,3,3.947,5.933
2010s,kepler-363,3,1.633,24.303
2010s,kepler-372,3,1.713,3.647
2010s,kepler-374,3,1.147,1.573
2010s,kepler-398,3,0.94,0.791
2010s,kepler-399,3,1.427,2.567
2010s,kepler-401,3,2.043,4.87
2010s,kepler-403,3,1.473,2.803
2010s,kepler-42,3,0.693,20.467
2010s,kepler-431,3,0.847,0.67
2010s,kepler-445,3,1.78,4.023
2010s,kepler-446,3,1.32,2.22
2010s,kepler-450,3,3.199,16.5
2010s,kepler-46,3,8.066,676.61
2010s,kepler-47,3,4.913,8.087
2010s,kepler-51,3,8.6,4.567
2010s,kepler-52,3,1.963,89.759
2010s,kepler-53,3,2.727,61.397
2010s,kepler-54,3,1.62,4.592
2010s,kepler-56,3,9.703,662.367
2010s,kepler-58,3,2.86,111.281
2010s,kepler-60,3,1.867,4.067
2010s,kepler-603,3,3.49,14.77
2010s,kepler-68,3,5.745,92.11
2010s,kepler-770,3,1.633,3.437
2010s,kepler-81,3,2.0,7.807
2010s,kepler-83,3,2.377,3.023
2010s,kepler-9,3,6.003,27.238
2010s,kepler-92,3,2.726,27.422
2010s,kic 10001893,3,,
2010s,l 98-59,3,1.264,1.367
2010s,toi-270,3,1.87,3.96
2010s,wolf 1061,3,1.853,4.34
2010s,yz cet,3,0.998,0.977
2010s,24 sex,2,13.65,452.89
2010s,7 cma,2,13.65,432.249
2010s,bd-06 1339,2,8.38,788.017
2010s,corot-20,2,10.808,3384.89
2010s,corot-24,2,4.35,16.85
2010s,epic 212737443,2,2.638,7.45
2010s,epic 220674823,2,2.258,7.56
2010s,gam lib,2,13.25,1010.218
2010s,gj 1132,2,1.311,2.239
2010s,gj 1148,2,10.805,82.38
2010s,gj 143,2,1.751,13.2
2010s,gj 15 a,2,4.11,19.515
2010s,gj 180,2,2.42,6.445
2010s,gj 273,2,1.285,2.035
2010s,gj 3323,2,1.275,2.165
2010s,gj 3998,2,1.945,4.66
2010s,gj 433,2,4.3,19.232
2010s,gj 682,2,2.41,6.55
2010s,hat-p-17,2,12.435,632.471
2010s,hat-p-44,2,13.461,691.586
2010s,hats-59,2,12.461,2146.306
2010s,hd 102329,2,13.05,1538.297
2010s,hd 106315,2,3.395,13.9
2010s,hd 109271,2,4.79,20.658
2010s,hd 113538,2,13.5,204.99
2010s,hd 116029,2,13.65,424.303
2010s,hd 133131 a,2,13.95,292.404
2010s,hd 134060,2,4.535,19.695
2010s,hd 13908,2,13.35,952.655
2010s,hd 1461,2,2.325,6.015
2010s,hd 147873,2,13.05,1182.328
2010s,hd 148164,2,13.25,1015.467
2010s,hd 15337,2,2.148,6.656
2010s,hd 156279,2,12.5,3048.292
2010s,hd 159243,2,13.55,481.515
2010s,hd 1605,2,13.4,723.699
2010s,hd 163607,2,13.6,474.298
2010s,hd 176986,2,,1792.87
2010s,hd 192310,2,4.76,20.45
2010s,hd 20003,2,3.66,13.05
2010s,hd 200964,2,13.6,447.028
2010s,hd 202696,2,,613.412
2010s,hd 204313,2,8.605,741.97
2010s,hd 207832,2,14.1,205.0
2010s,hd 213885,2,3.228,14.39
2010s,hd 21693,2,3.57,12.8
2010s,hd 23472,2,1.935,5.865
2010s,hd 27894,2,10.47,1057.574
2010s,hd 33142,2,13.8,341.666
2010s,hd 33844,2,13.45,597.52
2010s,hd 40307,2,2.345,6.15
2010s,hd 45184,2,3.215,10.5
2010s,hd 4732,2,13.25,850.35
2010s,hd 47366,2,13.45,572.727
2010s,hd 51608,2,3.745,13.54
2010s,hd 67087,2,13.0,1256.5
2010s,hd 75784,2,13.3,1055.196
2010s,hd 7924,2,,1665.421
2010s,hd 99706,2,13.25,1099.692
2010s,hip 54373,2,3.22,10.53
2010s,hip 65407,2,14.1,192.605
2010s,hip 67851,2,13.2,1285.139
2010s,hu aqr,2,12.85,1652.716
2010s,k2-117,2,2.045,4.84
2010s,k2-141,2,4.255,6.485
2010s,k2-146,2,2.12,6.63
2010s,k2-154,2,2.03,4.78
2010s,k2-158,2,1.96,4.82
2010s,k2-166,2,1.705,3.705
2010s,k2-168,2,1.585,3.195
2010s,k2-170,2,1.61,3.25
2010s,k2-172,2,2.436,6.91
2010s,k2-18,2,2.51,8.215
2010s,k2-185,2,1.77,3.95
2010s,k2-188,2,2.09,5.395
2010s,k2-189,2,1.857,4.25
2010s,k2-190,2,1.225,1.875
2010s,k2-195,2,2.853,8.56
2010s,k2-199,2,2.29,9.65
2010s,k2-201,2,2.343,6.67
2010s,k2-21,2,2.165,5.4
2010s,k2-223,2,1.195,1.75
2010s,k2-224,2,1.985,4.72
2010s,k2-229,2,1.515,4.775
2010s,k2-24,2,6.45,17.2
2010s,k2-240,2,1.9,4.275
2010s,k2-243,2,2.09,5.025
2010s,k2-247,2,2.155,5.285
2010s,k2-254,2,1.91,4.36
2010s,k2-264,2,2.45,6.605
2010s,k2-268,2,2.095,5.28
2010s,k2-270,2,2.165,5.745
2010s,k2-275,2,2.275,5.8
2010s,k2-282,2,2.05,4.995
2010s,k2-290,2,7.168,128.45
2010s,k2-35,2,1.625,3.34
2010s,k2-36,2,2.315,6.1
2010s,k2-38,2,1.915,7.8
2010s,k2-43,2,3.465,12.47
2010s,k2-5,2,2.085,5.02
2010s,k2-50,2,1.295,2.061
2010s,k2-59,2,2.355,6.145
2010s,k2-62,2,2.005,4.68
2010s,k2-63,2,3.56,12.5
2010s,k2-75,2,2.72,7.855
2010s,k2-8,2,2.995,9.445
2010s,k2-83,2,1.364,2.44
2010s,k2-84,2,2.22,5.585
2010s,k2-90,2,1.95,4.755
2010s,kelt-6,2,13.786,672.21
2010s,kepler-10,2,1.913,7.265
2010s,kepler-101,2,3.51,27.44
2010s,kepler-1016,2,2.93,9.245
2010s,kepler-103,2,4.47,35.07
2010s,kepler-1047,2,1.54,2.979
2010s,kepler-105,2,1.985,8.2
2010s,kepler-1050,2,1.54,2.99
2010s,kepler-1065,2,2.665,8.295
2010s,kepler-1073,2,1.97,4.615
2010s,kepler-108,2,8.415,53.45
2010s,kepler-1086,2,2.69,7.745
2010s,kepler-109,2,2.57,6.55
2010s,kepler-1093,2,1.955,4.48
2010s,kepler-110,2,2.02,4.765
2010s,kepler-111,2,4.332,112.8
2010s,kepler-112,2,2.38,6.26
2010s,kepler-1129,2,2.845,8.48
2010s,kepler-113,2,2.0,10.2
2010s,kepler-1143,2,2.635,8.015
2010s,kepler-115,2,1.845,4.295
2010s,kepler-1154,2,2.35,6.125
2010s,kepler-116,2,2.86,8.75
2010s,kepler-117,2,10.2,307.328
2010s,kepler-118,2,4.82,25.1
2010s,kepler-119,2,2.26,6.661
2010s,kepler-120,2,1.84,5.73
2010s,kepler-121,2,2.305,5.925
2010s,kepler-123,2,2.21,29.045
2010s,kepler-1245,2,1.44,2.67
2010s,kepler-125,2,1.555,3.27
2010s,kepler-128,2,1.471,3.585
2010s,kepler-129,2,2.46,31.5
2010s,kepler-131,2,1.625,12.19
2010s,kepler-1311,2,1.23,2.025
2010s,kepler-1321,2,3.66,13.925
2010s,kepler-133,2,2.3,6.1
2010s,kepler-1336,2,1.845,4.075
2010s,kepler-134,2,1.63,3.395
2010s,kepler-135,2,1.485,2.79
2010s,kepler-1350,2,2.125,5.27
2010s,kepler-136,2,2.02,12.21
2010s,kepler-1365,2,0.86,0.579
2010s,kepler-137,2,1.675,3.475
2010s,kepler-1370,2,1.555,3.095
2010s,kepler-1371,2,0.685,0.256
2010s,kepler-139,2,3.16,10.0
2010s,kepler-1398,2,0.965,0.873
2010s,kepler-140,2,1.705,3.555
2010s,kepler-141,2,1.05,1.414
2010s,kepler-143,2,2.89,8.845
2010s,kepler-144,2,1.34,2.36
2010s,kepler-145,2,3.485,58.25
2010s,kepler-146,2,3.42,11.63
2010s,kepler-1464,2,1.33,2.181
2010s,kepler-1468,2,1.44,2.62
2010s,kepler-147,2,1.98,4.72
2010s,kepler-151,2,2.575,7.305
2010s,kepler-152,2,2.59,7.25
2010s,kepler-153,2,2.725,7.895
2010s,kepler-1530,2,1.645,3.345
2010s,kepler-155,2,2.165,5.335
2010s,kepler-156,2,2.425,6.47
2010s,kepler-158,2,2.01,4.705
2010s,kepler-159,2,2.895,8.88
2010s,kepler-160,2,2.738,8.595
2010s,kepler-161,2,2.085,3.12
2010s,kepler-162,2,2.145,5.78
2010s,kepler-163,2,1.655,3.445
2010s,kepler-1641,2,3.03,9.43
2010s,kepler-1642,2,2.93,8.93
2010s,kepler-165,2,2.275,5.795
2010s,kepler-168,2,2.075,5.215
2010s,kepler-170,2,3.03,45.575
2010s,kepler-173,2,1.86,4.345
2010s,kepler-175,2,2.83,8.44
2010s,kepler-177,2,6.115,10.27
2010s,kepler-179,2,1.82,3.995
2010s,kepler-180,2,2.255,6.09
2010s,kepler-181,2,1.63,3.385
2010s,kepler-182,2,3.005,9.39
2010s,kepler-183,2,2.165,20.3
2010s,kepler-185,2,1.595,3.225
2010s,kepler-187,2,2.04,5.09
2010s,kepler-188,2,2.435,6.88
2010s,kepler-189,2,1.795,12.31
2010s,kepler-190,2,1.51,2.89
2010s,kepler-193,2,2.57,7.15
2010s,kepler-195,2,1.79,3.9
2010s,kepler-196,2,2.07,4.96
2010s,kepler-199,2,3.18,10.225
2010s,kepler-200,2,1.86,4.165
2010s,kepler-201,2,2.655,7.56
2010s,kepler-202,2,1.74,3.685
2010s,kepler-204,2,2.16,5.4
2010s,kepler-205,2,1.575,3.11
2010s,kepler-209,2,2.68,7.765
2010s,kepler-210,2,3.28,10.88
2010s,kepler-211,2,1.275,10.215
2010s,kepler-212,2,1.915,4.635
2010s,kepler-213,2,1.98,4.67
2010s,kepler-214,2,2.37,6.25
2010s,kepler-216,2,2.695,7.8
2010s,kepler-225,2,1.52,2.955
2010s,kepler-227,2,3.075,9.665
2010s,kepler-230,2,3.15,10.81
2010s,kepler-231,2,1.83,29.75
2010s,kepler-232,2,3.455,11.845
2010s,kepler-233,2,2.57,7.14
2010s,kepler-234,2,3.605,12.65
2010s,kepler-236,2,1.785,3.875
2010s,kepler-237,2,1.745,3.775
2010s,kepler-239,2,2.42,6.445
2010s,kepler-240,2,1.785,52.375
2010s,kepler-241,2,2.45,6.585
2010s,kepler-242,2,2.305,5.99
2010s,kepler-243,2,2.22,5.595
2010s,kepler-246,2,1.92,4.47
2010s,kepler-248,2,3.545,12.49
2010s,kepler-252,2,1.69,3.655
2010s,kepler-258,2,3.835,14.1
2010s,kepler-259,2,2.75,8.0
2010s,kepler-260,2,1.875,4.19
2010s,kepler-261,2,2.09,5.025
2010s,kepler-262,2,1.5,2.875
2010s,kepler-263,2,2.57,7.135
2010s,kepler-264,2,3.08,9.75
2010s,kepler-266,2,3.185,10.555
2010s,kepler-268,2,2.965,9.22
2010s,kepler-269,2,2.08,5.08
2010s,kepler-27,2,4.45,3640.59
2010s,kepler-270,2,1.89,4.24
2010s,kepler-273,2,1.74,3.72
2010s,kepler-274,2,1.69,3.515
2010s,kepler-277,2,3.14,75.75
2010s,kepler-278,2,3.612,45.45
2010s,kepler-28,2,1.908,1.845
2010s,kepler-280,2,1.73,3.7
2010s,kepler-281,2,4.065,242.562
2010s,kepler-283,2,1.975,4.575
2010s,kepler-284,2,2.425,6.485
2010s,kepler-285,2,1.23,1.91
2010s,kepler-287,2,2.795,74.5
2010s,kepler-29,2,2.445,4.75
2010s,kepler-290,2,2.475,6.72
2010s,kepler-291,2,2.02,4.75
2010s,kepler-293,2,3.45,11.82
2010s,kepler-294,2,2.24,5.79
2010s,kepler-297,2,4.705,45.3
2010s,kepler-300,2,1.96,4.56
2010s,kepler-302,2,8.255,15.5
2010s,kepler-303,2,1.015,1.095
2010s,kepler-307,2,2.315,5.54
2010s,kepler-308,2,2.14,5.225
2010s,kepler-309,2,2.035,4.95
2010s,kepler-311,2,1.565,3.08
2010s,kepler-312,2,2.22,6.155
2010s,kepler-313,2,2.55,7.035
2010s,kepler-314,2,1.865,4.624
2010s,kepler-315,2,3.96,14.9
2010s,kepler-316,2,1.11,1.425
2010s,kepler-317,2,1.905,56.705
2010s,kepler-318,2,4.195,16.5
2010s,kepler-320,2,1.255,2.0
2010s,kepler-321,2,2.045,4.885
2010s,kepler-322,2,1.34,2.22
2010s,kepler-323,2,1.476,5.35
2010s,kepler-324,2,2.145,1210.3
2010s,kepler-328,2,3.85,33.95
2010s,kepler-329,2,1.665,3.46
2010s,kepler-330,2,1.65,3.425
2010s,kepler-333,2,1.215,14.805
2010s,kepler-335,2,3.23,10.52
2010s,kepler-337,2,1.795,3.925
2010s,kepler-340,2,2.95,9.12
2010s,kepler-343,2,2.215,5.565
2010s,kepler-344,2,2.78,8.165
2010s,kepler-345,2,0.97,1.34
2010s,kepler-346,2,2.865,8.6
2010s,kepler-347,2,1.86,4.125
2010s,kepler-348,2,1.425,2.625
2010s,kepler-349,2,1.93,49.5
2010s,kepler-352,2,1.05,1.318
2010s,kepler-353,2,1.135,1.56
2010s,kepler-355,2,2.085,5.265
2010s,kepler-356,2,1.69,3.51
2010s,kepler-358,2,2.785,8.175
2010s,kepler-36,2,2.589,5.48
2010s,kepler-360,2,1.875,4.21
2010s,kepler-361,2,1.985,4.8
2010s,kepler-362,2,1.165,1.658
2010s,kepler-364,2,1.85,4.145
2010s,kepler-365,2,1.84,4.075
2010s,kepler-366,2,1.625,3.295
2010s,kepler-367,2,1.25,2.055
2010s,kepler-368,2,3.57,12.5
2010s,kepler-369,2,1.27,2.04
2010s,kepler-370,2,1.75,3.73
2010s,kepler-371,2,1.835,4.025
2010s,kepler-373,2,1.3,2.245
2010s,kepler-375,2,2.05,5.105
2010s,kepler-376,2,1.43,2.55
2010s,kepler-377,2,1.725,3.705
2010s,kepler-378,2,0.725,0.309
2010s,kepler-379,2,1.975,4.625
2010s,kepler-380,2,1.23,1.98
2010s,kepler-381,2,1.055,1.199
2010s,kepler-382,2,1.455,2.725
2010s,kepler-383,2,1.28,2.185
2010s,kepler-384,2,1.125,1.485
2010s,kepler-385,2,2.885,13.0
2010s,kepler-386,2,1.485,2.815
2010s,kepler-387,2,0.96,0.86
2010s,kepler-388,2,0.835,0.511
2010s,kepler-389,2,1.485,2.81
2010s,kepler-390,2,0.805,0.448
2010s,kepler-391,2,2.69,775.0
2010s,kepler-392,2,1.05,1.171
2010s,kepler-393,2,1.31,2.27
2010s,kepler-394,2,1.63,3.29
2010s,kepler-395,2,1.175,1.69
2010s,kepler-396,2,4.4,46.7
2010s,kepler-397,2,4.32,19.11
2010s,kepler-400,2,1.57,3.095
2010s,kepler-404,2,1.495,2.88
2010s,kepler-405,2,3.37,12.29
2010s,kepler-406,2,1.14,4.53
2010s,kepler-407,2,6.745,2000.965
2010s,kepler-414,2,2.36,16.7
2010s,kepler-415,2,1.61,62.3
2010s,kepler-416,2,2.416,32.165
2010s,kepler-417,2,2.5,9.35
2010s,kepler-419,2,11.7,1557.3
2010s,kepler-424,2,11.34,1271.265
2010s,kepler-430,2,2.5,7.155
2010s,kepler-432,2,13.067,1245.894
2010s,kepler-436,2,2.53,6.97
2010s,kepler-449,2,2.41,6.475
2010s,kepler-454,2,7.635,719.403
2010s,kepler-466,2,2.05,5.3
2010s,kepler-487,2,7.05,7.65
2010s,kepler-50,2,1.94,8.55
2010s,kepler-520,2,1.365,2.315
2010s,kepler-524,2,1.435,2.575
2010s,kepler-529,2,1.93,4.39
2010s,kepler-539,2,10.837,535.544
2010s,kepler-549,2,2.75,9.955
2010s,kepler-553,2,8.16,1122.729
2010s,kepler-561,2,4.82,23.175
2010s,kepler-57,2,2.665,15.96
2010s,kepler-59,2,1.54,3.955
2010s,kepler-605,2,1.15,1.618
2010s,kepler-610,2,3.745,13.6
2010s,kepler-616,2,2.92,8.99
2010s,kepler-619,2,2.425,6.8
2010s,kepler-625,2,1.52,2.89
2010s,kepler-653,2,1.365,2.43
2010s,kepler-69,2,1.975,4.61
2010s,kepler-712,2,4.13,16.25
2010s,kepler-722,2,2.725,7.88
2010s,kepler-730,2,6.95,3.09
2010s,kepler-732,2,1.725,3.77
2010s,kepler-750,2,2.345,6.45
2010s,kepler-755,2,1.51,2.94
2010s,kepler-760,2,2.27,6.19
2010s,kepler-769,2,2.355,6.355
2010s,kepler-804,2,1.54,2.985
2010s,kepler-825,2,1.685,3.5
2010s,kepler-87,2,9.815,165.3
2010s,kepler-887,2,1.485,2.775
2010s,kepler-903,2,2.27,5.82
2010s,kepler-920,2,3.11,10.12
2010s,kepler-93,2,1.478,479.33
2010s,kepler-937,2,3.195,10.505
2010s,kepler-94,2,8.005,1568.42
2010s,kepler-953,2,2.7,9.155
2010s,kepler-967,2,3.0,9.51
2010s,kepler-968,2,1.845,4.08
2010s,kepler-969,2,1.53,2.939
2010s,kepler-97,2,1.48,173.755
2010s,kepler-974,2,1.09,5.545
2010s,kepler-990,2,2.065,5.115
2010s,kic 5437945,2,5.96,29.85
2010s,kic 9663113,2,4.4,17.8
2010s,koi-12,2,12.894,3670.937
2010s,koi-142,2,8.719,111.8
2010s,koi-1599,2,1.9,6.8
2010s,koi-55,2,0.813,0.548
2010s,koi-7892,2,3.25,11.075
2010s,lhs 1140,2,1.501,3.755
2010s,lkca 15,2,,
2010s,lp 791-18,2,1.825,4.52
2010s,nn ser,2,12.95,1527.111
2010s,nu oph,2,12.0,7448.028
2010s,ny vir,2,13.05,1245.878
2010s,ogle-2012-blg-0026l,2,10.81,158.05
2010s,ogle-2014-blg-1722l,2,9.795,69.5
2010s,ogle-2018-blg-1011l,2,13.35,730.0
2010s,pds 70,2,26.677,794.575
2010s,pr0211,2,13.0,1536.708
2010s,teegarden's star,2,1.035,1.105
2010s,toi-125,2,2.742,8.065
2010s,toi-216,2,9.05,98.368
2010s,tyc 1422-614-1,2,12.9,1986.25
2010s,uz for,2,,2224.7
2010s,wasp-126,2,9.947,77.25
2010s,wasp-41,2,12.715,640.427
2010s,wasp-53,2,12.038,2937.067
2010s,wasp-8,2,12.583,1905.329
2010s,xo-2 s,2,12.25,259.022
2010s,24 boo,1,13.9,280.642
2010s,2mass j01033563-5515561 a,1,12.3,4131.79
2010s,2mass j01225093-2439505,1,11.209,7786.5
2010s,2mass j02192210-3925225,1,16.141,4417.837
2010s,2mass j0249-0557 a,1,12.4,3686.81
2010s,2mass j04414489+2301513,1,12.6,2383.6
2010s,2mass j19383260+4603591,1,13.4,603.877
2010s,2mass j22362452+4751425,1,12.3,3972.875
2010s,2mass j22501512+2325342,1,11.9,9534.852
2010s,51 eri,1,,3464.33
2010s,75 cet,1,13.3,787.897
2010s,8 umi,1,13.5,524.417
2010s,91 aqr,1,13.1,1017.0
2010s,alf ari,1,13.4,572.07
2010s,alf tau,1,12.7,2056.36
2010s,bd+03 2562,1,12.7,2034.112
2010s,bd+15 2375,1,13.8,337.218
2010s,bd+15 2940,1,13.7,352.78
2010s,bd+20 274,1,13.0,1334.886
2010s,bd+20 594,1,2.578,22.248
2010s,bd+48 738,1,13.9,289.225
2010s,bd+48 740,1,13.5,540.311
2010s,bd+49 828,1,13.5,508.5
2010s,bd-11 4672,1,14.1,206.59
2010s,bet cnc,1,12.6,2479.0
2010s,bet pic,1,12.5,3222.462
2010s,bet umi,1,12.7,1938.7
2010s,cd-35 2722,1,17.374,9375.938
2010s,cfbdsir j145829+101343,1,12.4,3337.1
2010s,corot-10,1,10.87,874.0
2010s,corot-11,1,16.03,740.51
2010s,corot-12,1,16.14,291.438
2010s,corot-13,1,9.92,415.704
2010s,corot-14,1,12.22,2415.4
2010s,corot-16,1,13.11,170.032
2010s,corot-17,1,11.43,772.29
2010s,corot-18,1,14.68,1102.82
2010s,corot-19,1,14.46,352.78
2010s,corot-21,1,14.572,718.296
2010s,corot-22,1,4.88,12.2
2010s,corot-23,1,11.77,889.9
2010s,corot-25,1,12.11,85.81
2010s,corot-26,1,14.12,165.26
2010s,corot-27,1,11.287,3302.11
2010s,corot-28,1,10.705,153.83
2010s,corot-29,1,10.088,270.156
2010s,corot-32,1,6.389,47.675
2010s,corot-8,1,6.39,69.92
2010s,de cvn,1,12.4,3823.273
2010s,denis-p j082303.1-491201,1,11.9,9057.77
2010s,dmpp-2,1,14.3,138.892
2010s,dmpp-3 a,1,1.41,2.58
2010s,ds tuc a,1,5.7,413.179
2010s,epic 201238110,1,1.87,4.16
2010s,epic 201497682,1,0.692,0.26
2010s,epic 201841433,1,1.04,1.12
2010s,epic 206024342,1,1.7,3.53
2010s,epic 206032309,1,1.01,1.01
2010s,epic 206042996,1,1.7,3.53
2010s,epic 206215704,1,1.0,0.972
2010s,epic 206317286,1,0.96,0.84
2010s,epic 211822797,1,1.92,4.35
2010s,epic 211945201,1,5.76,11.0
2010s,epic 212297394,1,1.48,2.79
2010s,epic 212424622,1,2.17,5.35
2010s,epic 212499991,1,1.6,3.19
2010s,epic 212587672,1,1.26,2.13
2010s,epic 246851721,1,11.781,953.49
2010s,epic 248847494,1,12.442,4131.79
2010s,eps crb,1,12.7,2129.461
2010s,eps ind a,1,12.7,2005.497
2010s,g 9-40,1,1.9,4.0
2010s,gj 1265,1,2.63,7.4
2010s,gj 160.2,1,3.17,10.2
2010s,gj 229,1,3.97,14.938
2010s,gj 27.1,1,3.66,13.0
2010s,gj 317,1,13.6,454.495
2010s,gj 328,1,13.3,797.749
2010s,gj 3341,1,2.46,6.6
2010s,gj 3470,1,4.57,13.9
2010s,gj 3512,1,14.3,146.519
2010s,gj 3634,1,2.83,8.4
2010s,gj 3779,1,2.75,8.0
2010s,gj 3942,1,2.57,7.14
2010s,gj 411,1,1.45,2.69
2010s,gj 422,1,3.33,11.07
2010s,gj 4276,1,4.22,16.57
2010s,gj 504,1,12.106,1271.3
2010s,gj 536,1,2.41,6.37
2010s,gj 625,1,1.49,2.82
2010s,gj 685,1,2.95,9.0
2010s,gj 687,1,4.32,17.2
2010s,gj 849,1,13.8,314.65
2010s,gj 876,1,3.92,14.6
2010s,gj 96,1,4.67,19.66
2010s,gl 378,1,3.66,13.02
2010s,gl 49,1,2.24,5.63
2010s,gl 686,1,2.46,6.624
2010s,gsc 06214-00210,1,20.176,5000.0
2010s,gu psc,1,14.179,3591.3
2010s,hat-p-11,1,13.2,851.78
2010s,hat-p-14,1,15.917,1093.335
2010s,hat-p-15,1,11.882,616.59
2010s,hat-p-16,1,14.684,1341.56
2010s,hat-p-18,1,11.153,62.61
2010s,hat-p-19,1,11.299,88.038
2010s,hat-p-20,1,9.718,2302.899
2010s,hat-p-21,1,12.442,1547.832
2010s,hat-p-22,1,12.89,785.04
2010s,hat-p-23,1,15.334,664.237
2010s,hat-p-24,1,14.572,238.373
2010s,hat-p-25,1,12.722,180.845
2010s,hat-p-26,1,7.062,22.248
2010s,hat-p-27,1,11.43,197.05
2010s,hat-p-28,1,13.585,198.953
2010s,hat-p-29,1,13.115,279.69
2010s,hat-p-30,1,16.141,263.799
2010s,hat-p-31,1,12.218,721.474
2010s,hat-p-32,1,22.194,216.124
2010s,hat-p-33,1,20.737,292.404
2010s,hat-p-34,1,13.417,1058.374
2010s,hat-p-35,1,14.93,335.628
2010s,hat-p-36,1,14.314,587.413
2010s,hat-p-37,1,13.204,371.528
2010s,hat-p-38,1,9.247,84.857
2010s,hat-p-39,1,17.609,190.372
2010s,hat-p-40,1,17.038,152.558
2010s,hat-p-41,1,22.978,378.218
2010s,hat-p-42,1,14.348,331.801
2010s,hat-p-43,1,13.63,210.395
2010s,hat-p-45,1,15.984,283.492
2010s,hat-p-46,1,14.392,156.684
2010s,hat-p-49,1,17.822,699.226
2010s,hat-p-50,1,14.437,429.071
2010s,hat-p-51,1,13.507,97.573
2010s,hat-p-52,1,11.31,259.985
2010s,hat-p-53,1,14.773,471.66
2010s,hat-p-54,1,10.581,241.551
2010s,hat-p-55,1,14.841,189.426
2010s,hat-p-56,1,16.926,734.187
2010s,hat-p-57,1,19.504,448.14
2010s,hat-p-65,1,18.058,176.077
2010s,hat-p-66,1,17.822,248.861
2010s,hat-p-67,1,23.371,108.062
2010s,hat-p-69,1,18.786,1137.831
2010s,hat-p-70,1,20.961,2154.887
2010s,hats-1,1,14.594,589.55
2010s,hats-10,1,10.862,167.179
2010s,hats-11,1,18.03,263.799
2010s,hats-12,1,7.76,759.614
2010s,hats-13,1,13.585,172.582
2010s,hats-14,1,11.646,340.396
2010s,hats-15,1,12.386,689.691
2010s,hats-16,1,14.572,1039.304
2010s,hats-17,1,8.709,425.257
2010s,hats-18,1,14.897,629.144
2010s,hats-2,1,12.576,435.425
2010s,hats-22,1,10.682,870.854
2010s,hats-23,1,20.849,467.21
2010s,hats-24,1,15.637,718.296
2010s,hats-25,1,14.123,194.83
2010s,hats-26,1,19.616,206.59
2010s,hats-27,1,16.814,168.45
2010s,hats-28,1,13.384,213.582
2010s,hats-29,1,14.022,207.543
2010s,hats-3,1,15.48,340.382
2010s,hats-30,1,13.171,224.388
2010s,hats-31,1,18.383,279.69
2010s,hats-32,1,14.0,292.404
2010s,hats-33,1,13.787,378.853
2010s,hats-34,1,16.029,299.078
2010s,hats-35,1,16.41,388.388
2010s,hats-36,1,12.92,1022.141
2010s,hats-39,1,17.598,200.233
2010s,hats-4,1,11.433,420.471
2010s,hats-40,1,17.71,505.35
2010s,hats-41,1,14.908,3082.951
2010s,hats-42,1,15.693,597.52
2010s,hats-43,1,13.227,82.954
2010s,hats-44,1,11.96,177.985
2010s,hats-45,1,14.415,222.481
2010s,hats-46,1,10.122,54.985
2010s,hats-5,1,10.223,75.323
2010s,hats-50,1,12.666,123.954
2010s,hats-51,1,15.805,244.093
2010s,hats-52,1,15.491,711.939
2010s,hats-53,1,15.02,189.109
2010s,hats-54,1,11.377,239.325
2010s,hats-55,1,14.022,292.721
2010s,hats-56,1,18.921,191.334
2010s,hats-57,1,12.767,1000.211
2010s,hats-58 a,1,12.274,327.365
2010s,hats-6,1,11.187,101.388
2010s,hats-60,1,12.924,210.403
2010s,hats-61,1,13.395,1080.622
2010s,hats-62,1,11.825,56.892
2010s,hats-63,1,13.529,305.117
2010s,hats-64,1,18.82,305.117
2010s,hats-65,1,16.825,260.938
2010s,hats-66,1,15.816,1694.034
2010s,hats-67,1,18.887,460.854
2010s,hats-68,1,13.809,410.001
2010s,hats-69,1,10.593,183.388
2010s,hats-7,1,6.311,38.14
2010s,hats-70,1,15.513,4100.007
2010s,hats-8,1,9.785,43.861
2010s,hats-9,1,13.85,266.024
2010s,hd 100546,1,77.342,2701.541
2010s,hd 100655,1,13.5,511.706
2010s,hd 102365,1,4.14,16.0
2010s,hd 102843,1,13.1,113.9
2010s,hd 102956,1,13.8,305.117
2010s,hd 103720,1,14.1,197.046
2010s,hd 103774,1,13.3,116.0
2010s,hd 103949,1,3.35,11.2
2010s,hd 10442,1,13.6,472.613
2010s,hd 106270,1,12.4,3623.244
2010s,hd 106515 a,1,12.1,6006.957
2010s,hd 106906,1,12.4,3496.0
2010s,hd 108341,1,13.3,715.114
2010s,hd 108863,1,13.3,767.242
2010s,hd 109246,1,13.9,273.334
2010s,hd 111591,1,12.9,1398.452
2010s,hd 111998,1,12.9,1525.576
2010s,hd 113337,1,13.1,1035.803
2010s,hd 113996,1,12.7,2002.329
2010s,hd 114783,1,13.4,603.874
2010s,hd 11755,1,12.8,1789.383
2010s,hd 120084,1,12.7,2034.102
2010s,hd 12484,1,13.2,947.133
2010s,hd 125390,1,11.9,8646.204
2010s,hd 12648,1,13.4,622.947
2010s,hd 126525,1,10.3,75.326
2010s,hd 128356,1,13.9,282.869
2010s,hd 131496,1,13.4,572.094
2010s,hd 13167,1,13.1,1052.017
2010s,hd 132563,1,13.6,473.547
2010s,hd 133131 b,1,13.3,794.575
2010s,hd 137388,1,9.32,63.566
2010s,hd 1397,1,11.5,131.899
2010s,hd 14067,1,12.2,4862.775
2010s,hd 142,1,12.4,3464.647
2010s,hd 142245,1,13.1,975.738
2010s,hd 143105,1,13.7,384.574
2010s,hd 145457,1,13.2,888.013
2010s,hd 145934,1,13.4,658.54
2010s,hd 147379,1,4.94,21.6
2010s,hd 14787,1,13.7,356.287
2010s,hd 1502,1,13.2,874.033
2010s,hd 150706,1,13.3,772.323
2010s,hd 152581,1,13.4,594.024
2010s,hd 154857,1,13.2,819.97
2010s,hd 156668,1,1.87,4.15
2010s,hd 158038,1,13.5,486.28
2010s,hd 158996,1,12.3,4449.62
2010s,hd 159868,1,14.0,244.093
2010s,hd 164509,1,14.3,140.799
2010s,hd 164595,1,4.16,16.14
2010s,hd 164922,1,3.66,13.0
2010s,hd 165155,1,13.2,918.529
2010s,hd 1666,1,12.7,2040.0
2010s,hd 166724,1,13.0,1207.748
2010s,hd 1690,1,12.5,2793.726
2010s,hd 175607,1,,2456.178
2010s,hd 17674,1,13.9,276.512
2010s,hd 177565,1,4.0,15.1
2010s,hd 177830,1,7.87,47.673
2010s,hd 180053,1,13.3,697.319
2010s,hd 18015,1,13.1,1048.834
2010s,hd 180314,1,12.0,7216.93
2010s,hd 180617,1,3.53,12.214
2010s,hd 181234,1,12.5,2980.913
2010s,hd 18742,1,13.1,1080.622
2010s,hd 191806,1,12.5,2966.61
2010s,hd 196067,1,12.4,3623.244
2010s,hd 197037,1,13.9,251.0
2010s,hd 202772 a,1,17.318,323.233
2010s,hd 204941,1,10.1,73.101
2010s,hd 206255,1,6.47,34.2
2010s,hd 208527,1,12.5,3146.4
2010s,hd 208897,1,13.7,379.487
2010s,hd 210193,1,14.3,153.1
2010s,hd 211810,1,14.0,212.946
2010s,hd 211970,1,3.66,13.0
2010s,hd 21411,1,9.52,65.9
2010s,hd 214823,1,12.1,5914.787
2010s,hd 216536,1,13.8,333.722
2010s,hd 217786,1,12.3,4402.559
2010s,hd 218566,1,9.32,63.566
2010s,hd 219077,1,12.5,3057.509
2010s,hd 219415,1,13.8,317.83
2010s,hd 219666,1,4.898,17.6
2010s,hd 219828,1,12.2,5102.417
2010s,hd 220074,1,12.2,5288.691
2010s,hd 220197,1,9.32,63.566
2010s,hd 220689,1,13.7,381.394
2010s,hd 220773,1,13.6,460.8
2010s,hd 220842,1,13.1,1010.699
2010s,hd 221416,1,9.17,60.5
2010s,hd 221420,1,12.0,7278.271
2010s,hd 221585,1,13.5,511.706
2010s,hd 222076,1,13.5,495.815
2010s,hd 222155,1,13.4,581.626
2010s,hd 224538,1,12.7,2075.737
2010s,hd 22781,1,12.3,4338.2
2010s,hd 233604,1,12.7,2089.644
2010s,hd 233832,1,13.5,565.737
2010s,hd 238914,1,12.8,1906.98
2010s,hd 240237,1,12.2,5050.319
2010s,hd 24064,1,12.3,4096.829
2010s,hd 24085,1,3.46,11.8
2010s,hd 25015,1,12.5,2884.928
2010s,hd 25171,1,13.9,290.814
2010s,hd 2685,1,16.141,371.861
2010s,hd 27631,1,13.5,495.812
2010s,hd 28254,1,13.0,1207.748
2010s,hd 284149 a,1,12.0,8352.531
2010s,hd 285507,1,13.8,311.473
2010s,hd 28678,1,13.5,490.094
2010s,hd 29021,1,12.9,1420.693
2010s,hd 2952,1,13.9,284.774
2010s,hd 30177,1,12.7,1954.645
2010s,hd 30669,1,14.3,149.37
2010s,hd 30856,1,13.5,491.683
2010s,hd 31253,1,14.1,197.055
2010s,hd 32963,1,13.4,657.905
2010s,hd 35759,1,13.0,1195.041
2010s,hd 37605,1,13.1,1013.878
2010s,hd 38283,1,14.0,127.132
2010s,hd 39091,1,2.019,3.63
2010s,hd 39855,1,2.85,8.5
2010s,hd 40956,1,13.2,858.141
2010s,hd 42012,1,13.5,508.528
2010s,hd 4203,1,13.3,689.66
2010s,hd 42618,1,3.89,14.4
2010s,hd 43197,1,14.2,175.759
2010s,hd 44219,1,14.1,184.34
2010s,hd 4917,1,13.5,513.295
2010s,hd 50499,1,13.2,931.242
2010s,hd 5319,1,13.8,334.675
2010s,hd 55696,1,12.9,1357.127
2010s,hd 5583,1,12.8,1837.057
2010s,hd 5608,1,13.7,371.224
2010s,hd 564,1,12.5,104.88
2010s,hd 5891,1,12.6,2425.043
2010s,hd 59686 a,1,12.7,2199.384
2010s,hd 64114,1,4.41,17.8
2010s,hd 65216,1,13.4,645.195
2010s,hd 66141,1,12.8,1906.9
2010s,hd 68402,1,12.6,2510.844
2010s,hd 7199,1,,3639.135
2010s,hd 72490,1,13.5,561.923
2010s,hd 72892,1,12.8,1737.886
2010s,hd 7449,1,12.6,2597.929
2010s,hd 76920,1,13.1,994.803
2010s,hd 77338,1,4.12,15.9
2010s,hd 79498,1,13.6,425.892
2010s,hd 82886,1,13.3,740.544
2010s,hd 8326,1,9.58,66.6
2010s,hd 8535,1,14.0,216.124
2010s,hd 86950,1,13.0,1144.188
2010s,hd 87646,1,12.4,3941.092
2010s,hd 89345,1,7.398,34.961
2010s,hd 9174,1,13.7,352.791
2010s,hd 92788,1,13.0,1166.436
2010s,hd 94834,1,13.7,400.466
2010s,hd 95086,1,12.9,1589.0
2010s,hd 95089,1,13.1,1096.514
2010s,hd 95127,1,12.4,3378.533
2010s,hd 95872,1,13.0,1188.684
2010s,hd 96063,1,13.7,403.644
2010s,hd 96127,1,12.1,6661.717
2010s,hd 97048,1,13.3,794.575
2010s,hd 97658,1,2.12,8.3
2010s,hd 98219,1,13.4,624.218
2010s,hd 98649,1,12.5,3082.936
2010s,hd 98736,1,13.3,740.544
2010s,hip 105854,1,12.6,2606.1
2010s,hip 107773,1,13.4,629.303
2010s,hip 109384,1,13.5,495.815
2010s,hip 109600,1,13.2,851.784
2010s,hip 116454,1,2.469,9.7
2010s,hip 12961,1,13.2,114.419
2010s,hip 35173,1,3.61,12.7
2010s,hip 5158,1,12.2,4780.163
2010s,hip 63242,1,12.5,2917.56
2010s,hip 65426,1,16.814,2860.47
2010s,hip 65891,1,12.8,1871.374
2010s,hip 67537,1,12.3,4309.118
2010s,hip 71135,1,4.55,18.8
2010s,hip 74890,1,13.3,762.792
2010s,hip 78530,1,12.0,7300.0
2010s,hip 79098 ab,1,12.1,6515.515
2010s,hip 8541,1,12.6,2451.728
2010s,hip 91258,1,13.7,346.435
2010s,hip 97233,1,12.1,6098.174
2010s,hr 2562,1,12.442,4195.335
2010s,hr 5183,1,13.1,1052.012
2010s,hr 8799,1,13.115,3178.3
2010s,ic 4651 9122,1,12.7,2002.329
2010s,k2-10,1,3.773,25.2
2010s,k2-100,1,3.88,21.8
2010s,k2-101,1,2.0,4.66
2010s,k2-102,1,1.3,2.24
2010s,k2-104,1,1.79,3.86
2010s,k2-105,1,3.4,15.4
2010s,k2-107,1,15.98,266.977
2010s,k2-108,1,5.33,59.4
2010s,k2-11,1,7.55,44.4
2010s,k2-110,1,2.592,15.9
2010s,k2-111,1,1.82,5.58
2010s,k2-113,1,12.14,410.001
2010s,k2-114,1,10.592,638.835
2010s,k2-115,1,11.803,321.007
2010s,k2-116,1,0.69,0.257
2010s,k2-118,1,2.54,6.99
2010s,k2-119,1,2.53,6.94
2010s,k2-12,1,2.44,5.2
2010s,k2-121,1,7.16,51.0
2010s,k2-122,1,1.16,1.65
2010s,k2-123,1,2.76,8.05
2010s,k2-124,1,2.9,8.75
2010s,k2-125,1,2.18,5.39
2010s,k2-126,1,1.97,4.54
2010s,k2-127,1,8.37,52.9
2010s,k2-128,1,1.42,2.6
2010s,k2-129,1,1.04,1.12
2010s,k2-13,1,1.89,4.23
2010s,k2-130,1,1.25,2.1
2010s,k2-131,1,1.69,7.9
2010s,k2-132,1,14.572,155.737
2010s,k2-137,1,0.64,158.915
2010s,k2-139,1,9.11,123.0
2010s,k2-14,1,4.81,20.7
2010s,k2-140,1,13.563,295.58
2010s,k2-147,1,1.473,2.77
2010s,k2-149,1,1.64,3.33
2010s,k2-15,1,2.48,6.71
2010s,k2-150,1,2.0,4.66
2010s,k2-151,1,1.49,2.83
2010s,k2-152,1,2.29,5.86
2010s,k2-153,1,2.0,4.66
2010s,k2-156,1,1.1,1.37
2010s,k2-157,1,0.935,1.14
2010s,k2-159,1,2.26,5.73
2010s,k2-160,1,3.178,10.2
2010s,k2-161,1,6.117,31.1
2010s,k2-162,1,1.44,2.67
2010s,k2-163,1,2.466,6.65
2010s,k2-164,1,3.249,10.6
2010s,k2-167,1,2.365,6.5
2010s,k2-169,1,1.273,2.16
2010s,k2-17,1,2.23,5.6
2010s,k2-171,1,2.687,7.69
2010s,k2-173,1,1.608,3.22
2010s,k2-174,1,2.6,7.27
2010s,k2-175,1,2.038,4.81
2010s,k2-176,1,1.491,2.83
2010s,k2-177,1,2.116,5.13
2010s,k2-178,1,3.558,12.4
2010s,k2-179,1,2.513,6.86
2010s,k2-180,1,2.466,11.41
2010s,k2-181,1,2.69,7.7
2010s,k2-182,1,2.713,20.977
2010s,k2-184,1,1.47,2.76
2010s,k2-186,1,3.172,10.2
2010s,k2-191,1,1.579,3.12
2010s,k2-192,1,1.52,2.92
2010s,k2-193,1,3.95,14.8
2010s,k2-194,1,3.642,12.9
2010s,k2-196,1,3.6,12.6
2010s,k2-197,1,2.56,7.08
2010s,k2-200,1,1.364,2.43
2010s,k2-202,1,2.302,5.91
2010s,k2-203,1,1.265,2.14
2010s,k2-204,1,3.172,10.2
2010s,k2-205,1,1.996,4.64
2010s,k2-206,1,2.795,8.22
2010s,k2-207,1,2.606,7.3
2010s,k2-208,1,1.675,3.45
2010s,k2-209,1,0.869,0.586
2010s,k2-210,1,0.86,0.566
2010s,k2-211,1,1.332,2.33
2010s,k2-212,1,2.65,7.51
2010s,k2-213,1,1.514,2.9
2010s,k2-214,1,2.51,6.85
2010s,k2-215,1,2.124,5.16
2010s,k2-216,1,1.75,8.0
2010s,k2-217,1,3.579,12.5
2010s,k2-218,1,2.569,7.13
2010s,k2-22,1,2.3,444.962
2010s,k2-220,1,2.37,6.21
2010s,k2-221,1,1.679,3.46
2010s,k2-222,1,2.35,8.7
2010s,k2-225,1,3.609,12.7
2010s,k2-226,1,1.539,2.98
2010s,k2-227,1,1.666,3.41
2010s,k2-228,1,1.21,1.92
2010s,k2-230,1,1.96,4.5
2010s,k2-231,1,2.5,6.8
2010s,k2-232,1,11.209,126.496
2010s,k2-237,1,16.062,434.154
2010s,k2-238,1,14.572,273.334
2010s,k2-241,1,2.55,7.04
2010s,k2-242,1,2.54,6.99
2010s,k2-244,1,1.75,3.71
2010s,k2-245,1,4.34,17.4
2010s,k2-246,1,3.49,12.0
2010s,k2-248,1,2.57,7.13
2010s,k2-249,1,2.79,8.2
2010s,k2-25,1,3.44,24.5
2010s,k2-250,1,2.713,7.81
2010s,k2-251,1,2.35,6.12
2010s,k2-252,1,1.74,3.68
2010s,k2-253,1,12.67,
2010s,k2-255,1,2.9,8.75
2010s,k2-257,1,0.83,0.498
2010s,k2-258,1,3.0,9.27
2010s,k2-259,1,2.32,5.99
2010s,k2-26,1,2.67,7.61
2010s,k2-260,1,18.416,546.665
2010s,k2-261,1,9.27,68.969
2010s,k2-263,1,2.41,14.9
2010s,k2-265,1,1.708,7.342
2010s,k2-269,1,1.57,3.09
2010s,k2-27,1,4.74,30.2
2010s,k2-271,1,7.28,41.8
2010s,k2-272,1,3.13,9.96
2010s,k2-273,1,3.05,9.53
2010s,k2-274,1,2.08,4.98
2010s,k2-276,1,3.77,13.7
2010s,k2-277,1,2.186,7.4
2010s,k2-278,1,2.98,9.17
2010s,k2-279,1,1.21,1.92
2010s,k2-28,1,2.32,5.99
2010s,k2-280,1,7.5,37.1
2010s,k2-281,1,8.18,50.9
2010s,k2-283,1,3.52,12.2
2010s,k2-284,1,2.78,8.15
2010s,k2-286,1,2.1,5.06
2010s,k2-287,1,9.494,100.116
2010s,k2-288 b,1,1.9,4.27
2010s,k2-289,1,9.1,61.0
2010s,k2-29,1,13.339,232.016
2010s,k2-291,1,1.589,6.49
2010s,k2-292,1,2.63,24.5
2010s,k2-293,1,2.45,6.57
2010s,k2-294,1,1.66,3.39
2010s,k2-295,1,10.054,106.473
2010s,k2-30,1,11.646,184.024
2010s,k2-308,1,9.916,70.6
2010s,k2-31,1,11.882,563.83
2010s,k2-33,1,5.04,1175.971
2010s,k2-34,1,13.75,539.675
2010s,k2-350,1,2.74,7.95
2010s,k2-39,1,6.277,28.605
2010s,k2-4,1,2.1,5.06
2010s,k2-42,1,2.15,5.27
2010s,k2-44,1,2.433,6.5
2010s,k2-45,1,6.71,36.4
2010s,k2-46,1,2.05,4.86
2010s,k2-47,1,1.89,4.23
2010s,k2-48,1,2.24,5.65
2010s,k2-49,1,1.93,4.38
2010s,k2-52,1,18.0,
2010s,k2-53,1,2.6,7.27
2010s,k2-54,1,2.612,7.33
2010s,k2-55,1,4.43,44.0
2010s,k2-57,1,2.309,5.94
2010s,k2-6,1,2.5,6.8
2010s,k2-60,1,7.656,135.396
2010s,k2-61,1,1.92,4.35
2010s,k2-64,1,2.07,4.94
2010s,k2-65,1,1.58,3.12
2010s,k2-66,1,2.49,21.3
2010s,k2-68,1,1.58,3.12
2010s,k2-69,1,2.32,5.99
2010s,k2-7,1,4.035,15.3
2010s,k2-70,1,2.89,8.7
2010s,k2-71,1,2.15,5.27
2010s,k2-73,1,2.58,9.2
2010s,k2-74,1,2.31,5.95
2010s,k2-77,1,2.5,603.877
2010s,k2-79,1,4.09,9.2
2010s,k2-81,1,1.97,4.54
2010s,k2-85,1,1.4,3.2
2010s,k2-86,1,1.96,4.5
2010s,k2-87,1,7.6,44.9
2010s,k2-88,1,1.23,2.04
2010s,k2-89,1,0.615,0.17
2010s,k2-9,1,2.25,5.69
2010s,k2-91,1,1.1,1.37
2010s,k2-95,1,3.31,11.0
2010s,k2-97,1,13.451,174.488
2010s,k2-98,1,5.066,34.008
2010s,k2-99,1,11.882,276.511
2010s,kap and,1,12.3,4327.36
2010s,kapteyn,1,2.54,7.0
2010s,kelt-1,1,12.442,8654.15
2010s,kelt-10,1,15.681,215.807
2010s,kelt-11,1,15.132,65.155
2010s,kelt-12,1,19.952,301.939
2010s,kelt-14,1,19.537,408.094
2010s,kelt-15,1,19.504,416.357
2010s,kelt-16,1,15.861,874.033
2010s,kelt-17,1,17.094,416.357
2010s,kelt-18,1,17.598,375.039
2010s,kelt-19 a,1,21.409,1293.568
2010s,kelt-2 a,1,15.132,540.311
2010s,kelt-20,1,19.515,1074.901
2010s,kelt-21,1,17.777,1242.715
2010s,kelt-23 a,1,14.83,298.125
2010s,kelt-24,1,12.711,1458.832
2010s,kelt-3,1,17.486,616.59
2010s,kelt-4 a,1,19.044,286.683
2010s,kelt-7,1,17.934,441.784
2010s,kelt-8,1,18.159,209.768
2010s,kelt-9,1,21.196,915.35
2010s,kepler-1000,1,4.76,20.3
2010s,kepler-1001,1,3.15,10.1
2010s,kepler-1002,1,1.71,3.57
2010s,kepler-1003,1,1.78,3.82
2010s,kepler-1004,1,6.28,32.5
2010s,kepler-1005,1,1.5,2.86
2010s,kepler-1006,1,1.54,2.99
2010s,kepler-1007,1,1.44,2.67
2010s,kepler-1008,1,1.28,2.18
2010s,kepler-1009,1,2.17,5.35
2010s,kepler-1010,1,2.32,5.99
2010s,kepler-1011,1,2.87,8.6
2010s,kepler-1012,1,1.29,2.21
2010s,kepler-1013,1,2.15,5.27
2010s,kepler-1014,1,2.39,6.3
2010s,kepler-1015,1,3.55,12.3
2010s,kepler-1017,1,1.99,4.62
2010s,kepler-1018,1,2.58,7.18
2010s,kepler-1019,1,1.46,2.73
2010s,kepler-1020,1,2.28,5.82
2010s,kepler-1021,1,2.33,6.04
2010s,kepler-1022,1,2.36,6.17
2010s,kepler-1023,1,2.63,7.41
2010s,kepler-1024,1,3.91,14.5
2010s,kepler-1025,1,1.98,4.58
2010s,kepler-1026,1,2.21,5.52
2010s,kepler-1027,1,0.89,0.64
2010s,kepler-1028,1,1.33,2.33
2010s,kepler-1029,1,1.26,2.13
2010s,kepler-1030,1,2.48,6.71
2010s,kepler-1031,1,0.87,0.59
2010s,kepler-1032,1,1.87,4.16
2010s,kepler-1033,1,2.51,6.85
2010s,kepler-1034,1,2.26,5.73
2010s,kepler-1035,1,1.17,1.71
2010s,kepler-1036,1,3.01,9.32
2010s,kepler-1037,1,1.28,2.18
2010s,kepler-1038,1,3.53,12.2
2010s,kepler-1039,1,1.46,2.73
2010s,kepler-1040,1,2.08,4.98
2010s,kepler-1041,1,2.94,8.96
2010s,kepler-1042,1,2.19,5.43
2010s,kepler-1043,1,2.55,7.04
2010s,kepler-1044,1,2.67,7.61
2010s,kepler-1045,1,2.69,7.7
2010s,kepler-1046,1,1.71,3.57
2010s,kepler-1048,1,1.61,3.22
2010s,kepler-1049,1,0.95,0.809
2010s,kepler-1051,1,3.4,11.5
2010s,kepler-1052,1,2.93,8.91
2010s,kepler-1053,1,0.98,0.904
2010s,kepler-1054,1,2.63,7.41
2010s,kepler-1055,1,1.23,2.04
2010s,kepler-1056,1,3.01,9.32
2010s,kepler-1057,1,3.36,11.2
2010s,kepler-1058,1,2.72,7.85
2010s,kepler-1059,1,1.73,3.64
2010s,kepler-1060,1,2.38,6.26
2010s,kepler-1061,1,1.98,4.58
2010s,kepler-1062,1,1.76,3.75
2010s,kepler-1063,1,1.49,2.83
2010s,kepler-1064,1,1.55,3.02
2010s,kepler-1066,1,2.36,6.17
2010s,kepler-1067,1,0.8,0.437
2010s,kepler-1068,1,3.63,12.8
2010s,kepler-1069,1,1.6,3.19
2010s,kepler-1070,1,1.73,3.64
2010s,kepler-1071,1,2.38,6.26
2010s,kepler-1072,1,1.58,3.12
2010s,kepler-1074,1,1.25,2.1
2010s,kepler-1075,1,1.42,2.6
2010s,kepler-1076,1,0.8,0.437
2010s,kepler-1077,1,2.77,8.1
2010s,kepler-1078,1,1.9,4.27
2010s,kepler-1079,1,1.63,3.29
2010s,kepler-1080,1,3.28,10.8
2010s,kepler-1081,1,1.01,1.01
2010s,kepler-1082,1,1.12,1.46
2010s,kepler-1083,1,3.36,11.2
2010s,kepler-1084,1,1.11,1.41
2010s,kepler-1085,1,7.22,41.2
2010s,kepler-1087,1,0.61,0.165
2010s,kepler-1088,1,1.42,2.6
2010s,kepler-1089,1,1.83,4.01
2010s,kepler-1090,1,2.25,5.69
2010s,kepler-1091,1,1.46,2.73
2010s,kepler-1092,1,2.07,4.94
2010s,kepler-1094,1,3.18,10.2
2010s,kepler-1095,1,1.21,1.92
2010s,kepler-1096,1,1.24,2.07
2010s,kepler-1097,1,3.26,10.7
2010s,kepler-1098,1,1.3,2.24
2010s,kepler-1099,1,2.83,8.4
2010s,kepler-1100,1,1.75,3.71
2010s,kepler-1101,1,2.47,6.66
2010s,kepler-1102,1,2.66,7.56
2010s,kepler-1103,1,2.27,5.77
2010s,kepler-1104,1,1.23,2.04
2010s,kepler-1105,1,2.01,4.7
2010s,kepler-1106,1,1.65,3.36
2010s,kepler-1107,1,1.34,2.36
2010s,kepler-1108,1,1.46,2.73
2010s,kepler-1109,1,2.19,5.43
2010s,kepler-1110,1,2.66,7.56
2010s,kepler-1111,1,2.0,4.66
2010s,kepler-1112,1,3.02,9.38
2010s,kepler-1113,1,2.81,8.3
2010s,kepler-1114,1,1.35,2.39
2010s,kepler-1115,1,1.7,3.53
2010s,kepler-1116,1,2.54,6.99
2010s,kepler-1117,1,1.11,1.41
2010s,kepler-1118,1,2.74,7.95
2010s,kepler-1119,1,1.92,4.35
2010s,kepler-1120,1,1.38,2.48
2010s,kepler-1121,1,1.91,4.31
2010s,kepler-1122,1,2.04,4.82
2010s,kepler-1123,1,1.67,3.43
2010s,kepler-1124,1,1.28,2.18
2010s,kepler-1125,1,1.84,4.04
2010s,kepler-1126,1,1.73,3.64
2010s,kepler-1127,1,1.96,4.5
2010s,kepler-1128,1,3.65,12.9
2010s,kepler-1130,1,0.8,0.437
2010s,kepler-1131,1,1.59,3.15
2010s,kepler-1132,1,2.35,6.12
2010s,kepler-1133,1,1.97,4.54
2010s,kepler-1134,1,2.64,7.46
2010s,kepler-1135,1,1.85,4.08
2010s,kepler-1136,1,1.64,3.33
2010s,kepler-1137,1,2.2,5.48
2010s,kepler-1138,1,1.7,3.53
2010s,kepler-1139,1,1.19,1.81
2010s,kepler-1140,1,2.77,8.1
2010s,kepler-1141,1,0.82,0.477
2010s,kepler-1142,1,1.47,2.76
2010s,kepler-1144,1,1.99,4.62
2010s,kepler-1145,1,1.4,2.54
2010s,kepler-1146,1,1.23,2.04
2010s,kepler-1147,1,2.61,7.32
2010s,kepler-1148,1,1.69,3.5
2010s,kepler-1149,1,1.44,2.67
2010s,kepler-1150,1,1.02,1.04
2010s,kepler-1151,1,2.22,5.56
2010s,kepler-1152,1,0.87,0.59
2010s,kepler-1153,1,1.73,3.64
2010s,kepler-1155,1,2.03,4.78
2010s,kepler-1156,1,1.32,2.3
2010s,kepler-1157,1,1.09,1.32
2010s,kepler-1158,1,2.34,6.08
2010s,kepler-1159,1,2.37,6.21
2010s,kepler-1160,1,2.14,5.22
2010s,kepler-1161,1,2.13,5.18
2010s,kepler-1162,1,2.21,5.52
2010s,kepler-1163,1,1.03,1.08
2010s,kepler-1164,1,1.12,1.46
2010s,kepler-1165,1,1.55,3.02
2010s,kepler-1166,1,1.69,3.5
2010s,kepler-1167,1,1.71,3.57
2010s,kepler-1168,1,2.5,6.8
2010s,kepler-1169,1,0.94,0.779
2010s,kepler-1170,1,2.41,6.39
2010s,kepler-1171,1,2.56,7.08
2010s,kepler-1172,1,3.2,10.3
2010s,kepler-1173,1,0.89,0.64
2010s,kepler-1174,1,1.59,3.15
2010s,kepler-1175,1,2.99,9.22
2010s,kepler-1176,1,2.45,6.57
2010s,kepler-1177,1,1.9,4.27
2010s,kepler-1178,1,1.07,1.24
2010s,kepler-1179,1,1.32,2.3
2010s,kepler-1180,1,1.99,4.62
2010s,kepler-1181,1,1.57,3.09
2010s,kepler-1182,1,2.41,6.39
2010s,kepler-1183,1,2.82,8.35
2010s,kepler-1184,1,2.68,7.65
2010s,kepler-1185,1,1.33,2.33
2010s,kepler-1186,1,2.23,5.6
2010s,kepler-1187,1,2.61,7.32
2010s,kepler-1188,1,2.08,4.98
2010s,kepler-1189,1,1.77,3.78
2010s,kepler-1190,1,1.33,2.33
2010s,kepler-1191,1,1.51,2.89
2010s,kepler-1192,1,2.36,6.17
2010s,kepler-1193,1,1.32,2.3
2010s,kepler-1194,1,1.51,2.89
2010s,kepler-1195,1,2.08,4.98
2010s,kepler-1196,1,2.23,5.6
2010s,kepler-1197,1,1.25,2.1
2010s,kepler-1198,1,1.47,2.76
2010s,kepler-1199,1,1.15,1.6
2010s,kepler-12,1,19.661,137.303
2010s,kepler-1200,1,1.06,1.2
2010s,kepler-1201,1,2.29,5.86
2010s,kepler-1202,1,2.94,8.96
2010s,kepler-1203,1,1.06,1.2
2010s,kepler-1204,1,3.05,9.53
2010s,kepler-1205,1,1.41,2.57
2010s,kepler-1206,1,1.64,3.33
2010s,kepler-1207,1,1.62,3.26
2010s,kepler-1208,1,2.32,5.99
2010s,kepler-1209,1,1.51,2.89
2010s,kepler-1210,1,1.7,3.53
2010s,kepler-1211,1,2.55,7.04
2010s,kepler-1212,1,2.14,5.22
2010s,kepler-1213,1,1.19,1.81
2010s,kepler-1214,1,2.36,6.17
2010s,kepler-1215,1,1.22,1.98
2010s,kepler-1216,1,1.39,2.51
2010s,kepler-1217,1,1.99,4.62
2010s,kepler-1218,1,1.44,2.67
2010s,kepler-1219,1,2.12,5.14
2010s,kepler-1220,1,1.52,2.92
2010s,kepler-1221,1,1.88,4.19
2010s,kepler-1222,1,0.79,0.418
2010s,kepler-1223,1,1.22,1.98
2010s,kepler-1224,1,1.33,2.33
2010s,kepler-1225,1,1.82,3.97
2010s,kepler-1226,1,1.45,2.7
2010s,kepler-1227,1,2.29,5.86
2010s,kepler-1228,1,1.54,2.99
2010s,kepler-1229,1,1.4,2.54
2010s,kepler-1230,1,2.71,7.8
2010s,kepler-1231,1,1.42,2.6
2010s,kepler-1232,1,1.93,4.38
2010s,kepler-1233,1,2.6,7.27
2010s,kepler-1234,1,2.81,8.3
2010s,kepler-1235,1,0.79,0.418
2010s,kepler-1236,1,2.14,5.22
2010s,kepler-1237,1,2.86,8.55
2010s,kepler-1238,1,1.93,4.38
2010s,kepler-1239,1,2.9,8.75
2010s,kepler-1240,1,1.15,1.6
2010s,kepler-1241,1,2.63,7.41
2010s,kepler-1242,1,2.26,5.73
2010s,kepler-1243,1,1.75,3.71
2010s,kepler-1244,1,1.35,2.39
2010s,kepler-1246,1,1.36,2.42
2010s,kepler-1247,1,2.33,6.04
2010s,kepler-1248,1,1.18,1.76
2010s,kepler-1249,1,2.38,6.26
2010s,kepler-1250,1,1.92,4.35
2010s,kepler-1251,1,1.84,4.04
2010s,kepler-1252,1,1.67,3.43
2010s,kepler-1253,1,1.33,2.33
2010s,kepler-1255,1,2.32,5.99
2010s,kepler-1256,1,1.49,2.83
2010s,kepler-1257,1,1.52,2.92
2010s,kepler-1258,1,0.86,0.566
2010s,kepler-1259,1,1.43,2.63
2010s,kepler-1260,1,1.77,3.78
2010s,kepler-1261,1,2.26,5.73
2010s,kepler-1262,1,1.82,3.97
2010s,kepler-1263,1,1.14,1.55
2010s,kepler-1264,1,1.18,1.76
2010s,kepler-1265,1,1.35,2.39
2010s,kepler-1266,1,2.58,7.18
2010s,kepler-1267,1,3.01,9.32
2010s,kepler-1268,1,2.03,4.78
2010s,kepler-1269,1,1.63,3.29
2010s,kepler-1270,1,3.32,11.0
2010s,kepler-1271,1,1.48,2.79
2010s,kepler-1272,1,2.37,6.21
2010s,kepler-1273,1,2.49,6.76
2010s,kepler-1274,1,1.42,2.6
2010s,kepler-1275,1,1.48,2.79
2010s,kepler-1276,1,1.19,1.81
2010s,kepler-1277,1,1.6,3.19
2010s,kepler-1278,1,1.01,1.01
2010s,kepler-1279,1,1.75,3.71
2010s,kepler-1280,1,1.87,4.16
2010s,kepler-1281,1,1.64,3.33
2010s,kepler-1282,1,1.55,3.02
2010s,kepler-1283,1,1.91,4.31
2010s,kepler-1284,1,1.21,1.92
2010s,kepler-1285,1,0.97,0.871
2010s,kepler-1286,1,2.15,5.27
2010s,kepler-1287,1,1.54,2.99
2010s,kepler-1288,1,1.12,1.46
2010s,kepler-1289,1,1.52,2.92
2010s,kepler-1290,1,1.42,2.6
2010s,kepler-1291,1,1.66,3.39
2010s,kepler-1292,1,1.82,3.97
2010s,kepler-1293,1,0.97,0.871
2010s,kepler-1294,1,3.19,10.3
2010s,kepler-1295,1,1.55,3.02
2010s,kepler-1296,1,0.91,0.693
2010s,kepler-1297,1,0.97,0.871
2010s,kepler-1298,1,1.31,2.27
2010s,kepler-1299,1,2.98,9.17
2010s,kepler-1300,1,1.37,2.45
2010s,kepler-1301,1,1.4,2.54
2010s,kepler-1302,1,1.43,2.63
2010s,kepler-1303,1,1.42,2.6
2010s,kepler-1304,1,2.29,5.86
2010s,kepler-1305,1,1.88,4.19
2010s,kepler-1306,1,1.91,4.31
2010s,kepler-1307,1,2.47,6.66
2010s,kepler-1308,1,0.52,0.093
2010s,kepler-1309,1,2.37,6.21
2010s,kepler-1310,1,1.44,2.67
2010s,kepler-1312,1,2.1,5.06
2010s,kepler-1313,1,1.76,3.75
2010s,kepler-1314,1,5.11,22.9
2010s,kepler-1315,1,1.38,2.48
2010s,kepler-1316,1,3.54,12.3
2010s,kepler-1317,1,1.56,3.05
2010s,kepler-1318,1,3.11,9.85
2010s,kepler-1319,1,1.34,2.36
2010s,kepler-1320,1,1.7,3.53
2010s,kepler-1322,1,1.61,3.22
2010s,kepler-1323,1,1.52,2.92
2010s,kepler-1324,1,1.51,2.89
2010s,kepler-1325,1,2.86,8.55
2010s,kepler-1326,1,4.18,16.3
2010s,kepler-1327,1,1.8,3.89
2010s,kepler-1328,1,0.98,0.904
2010s,kepler-1329,1,2.17,5.35
2010s,kepler-1330,1,1.65,3.36
2010s,kepler-1331,1,1.05,1.16
2010s,kepler-1332,1,1.37,2.45
2010s,kepler-1333,1,2.81,8.3
2010s,kepler-1334,1,2.29,5.86
2010s,kepler-1335,1,1.45,2.7
2010s,kepler-1337,1,2.41,6.39
2010s,kepler-1338,1,0.92,0.721
2010s,kepler-1339,1,0.71,0.285
2010s,kepler-1340,1,1.55,3.02
2010s,kepler-1341,1,2.99,9.22
2010s,kepler-1342,1,1.66,3.39
2010s,kepler-1343,1,1.93,4.38
2010s,kepler-1344,1,1.84,4.04
2010s,kepler-1345,1,2.36,6.17
2010s,kepler-1346,1,1.58,3.12
2010s,kepler-1347,1,1.03,1.08
2010s,kepler-1348,1,1.94,4.42
2010s,kepler-1349,1,0.7,0.271
2010s,kepler-1351,1,0.65,0.208
2010s,kepler-1352,1,0.89,0.64
2010s,kepler-1353,1,1.8,3.89
2010s,kepler-1354,1,2.97,9.11
2010s,kepler-1355,1,1.46,2.73
2010s,kepler-1356,1,1.53,2.96
2010s,kepler-1357,1,1.28,2.18
2010s,kepler-1358,1,1.12,1.46
2010s,kepler-1359,1,2.83,8.4
2010s,kepler-1360,1,3.4,11.5
2010s,kepler-1361,1,0.86,0.566
2010s,kepler-1362,1,2.6,7.27
2010s,kepler-1363,1,1.25,2.1
2010s,kepler-1364,1,2.15,5.27
2010s,kepler-1366,1,1.43,2.63
2010s,kepler-1367,1,0.92,0.721
2010s,kepler-1368,1,1.65,3.36
2010s,kepler-1369,1,2.69,7.7
2010s,kepler-1372,1,1.27,2.15
2010s,kepler-1373,1,1.16,1.65
2010s,kepler-1374,1,2.29,5.86
2010s,kepler-1375,1,1.74,3.68
2010s,kepler-1376,1,1.05,1.16
2010s,kepler-1377,1,1.25,2.1
2010s,kepler-1378,1,2.2,5.48
2010s,kepler-1379,1,1.3,2.24
2010s,kepler-1380,1,1.43,2.63
2010s,kepler-1381,1,2.25,5.69
2010s,kepler-1382,1,1.88,4.19
2010s,kepler-1383,1,1.41,2.57
2010s,kepler-1384,1,1.94,4.42
2010s,kepler-1385,1,0.85,0.543
2010s,kepler-1386,1,1.24,2.07
2010s,kepler-1387,1,0.93,0.749
2010s,kepler-1389,1,1.77,3.78
2010s,kepler-1390,1,1.18,1.76
2010s,kepler-1391,1,1.68,3.46
2010s,kepler-1392,1,1.96,4.5
2010s,kepler-1393,1,0.8,0.437
2010s,kepler-1394,1,1.39,2.51
2010s,kepler-1395,1,0.8,0.437
2010s,kepler-1396,1,2.07,4.94
2010s,kepler-1397,1,1.72,3.61
2010s,kepler-1399,1,1.25,2.1
2010s,kepler-14,1,12.733,2669.66
2010s,kepler-1400,1,1.62,3.26
2010s,kepler-1401,1,1.68,3.46
2010s,kepler-1402,1,0.76,0.363
2010s,kepler-1403,1,2.14,5.22
2010s,kepler-1404,1,2.01,4.7
2010s,kepler-1405,1,3.96,14.9
2010s,kepler-1406,1,1.1,1.37
2010s,kepler-1407,1,2.25,5.69
2010s,kepler-1408,1,0.89,0.64
2010s,kepler-1409,1,1.04,1.12
2010s,kepler-1410,1,1.78,3.82
2010s,kepler-1411,1,2.82,8.35
2010s,kepler-1412,1,0.83,0.498
2010s,kepler-1413,1,1.82,3.97
2010s,kepler-1414,1,1.23,2.04
2010s,kepler-1415,1,1.29,2.21
2010s,kepler-1416,1,0.88,0.615
2010s,kepler-1417,1,1.0,0.972
2010s,kepler-1418,1,1.66,3.39
2010s,kepler-1419,1,2.86,8.55
2010s,kepler-1420,1,1.28,2.18
2010s,kepler-1421,1,0.93,0.749
2010s,kepler-1422,1,2.02,4.74
2010s,kepler-1423,1,1.06,1.2
2010s,kepler-1424,1,1.16,1.65
2010s,kepler-1425,1,0.94,0.779
2010s,kepler-1426,1,1.56,3.05
2010s,kepler-1427,1,1.1,1.37
2010s,kepler-1428,1,1.64,3.33
2010s,kepler-1429,1,1.29,2.21
2010s,kepler-1430,1,1.18,1.76
2010s,kepler-1431,1,1.47,2.76
2010s,kepler-1432,1,2.22,5.56
2010s,kepler-1433,1,1.56,3.05
2010s,kepler-1434,1,1.11,1.41
2010s,kepler-1435,1,0.86,0.566
2010s,kepler-1436,1,1.31,2.27
2010s,kepler-1437,1,1.37,2.45
2010s,kepler-1438,1,0.94,0.779
2010s,kepler-1439,1,1.46,2.73
2010s,kepler-1440,1,1.26,2.13
2010s,kepler-1441,1,1.31,2.27
2010s,kepler-1442,1,3.93,14.7
2010s,kepler-1443,1,0.97,0.871
2010s,kepler-1444,1,2.18,5.39
2010s,kepler-1445,1,0.96,0.84
2010s,kepler-1446,1,0.82,0.477
2010s,kepler-1447,1,2.9,8.75
2010s,kepler-1448,1,1.61,3.22
2010s,kepler-1449,1,1.68,3.46
2010s,kepler-1450,1,1.71,3.57
2010s,kepler-1451,1,3.35,11.2
2010s,kepler-1452,1,2.7,7.75
2010s,kepler-1453,1,2.67,7.61
2010s,kepler-1454,1,1.88,4.19
2010s,kepler-1455,1,2.16,5.31
2010s,kepler-1456,1,1.14,1.55
2010s,kepler-1457,1,1.99,4.62
2010s,kepler-1458,1,2.76,8.05
2010s,kepler-1459,1,1.36,2.42
2010s,kepler-1460,1,1.96,4.5
2010s,kepler-1461,1,2.03,4.78
2010s,kepler-1462,1,3.82,14.0
2010s,kepler-1463,1,1.86,4.12
2010s,kepler-1465,1,1.77,3.78
2010s,kepler-1466,1,1.55,3.02
2010s,kepler-1467,1,3.3,10.9
2010s,kepler-1469,1,2.8,8.25
2010s,kepler-1470,1,1.07,1.24
2010s,kepler-1471,1,1.41,2.57
2010s,kepler-1472,1,1.9,4.27
2010s,kepler-1473,1,1.19,1.81
2010s,kepler-1474,1,2.16,5.31
2010s,kepler-1475,1,2.92,8.85
2010s,kepler-1476,1,1.67,3.43
2010s,kepler-1477,1,1.18,1.76
2010s,kepler-1478,1,1.73,3.64
2010s,kepler-1479,1,1.83,4.01
2010s,kepler-1480,1,1.67,3.43
2010s,kepler-1481,1,1.23,2.04
2010s,kepler-1482,1,1.01,1.01
2010s,kepler-1483,1,1.52,2.92
2010s,kepler-1484,1,2.11,5.1
2010s,kepler-1485,1,1.47,2.76
2010s,kepler-1486,1,2.32,5.99
2010s,kepler-1487,1,2.13,5.18
2010s,kepler-1488,1,1.86,4.12
2010s,kepler-1489,1,1.77,3.78
2010s,kepler-1490,1,3.04,9.48
2010s,kepler-1491,1,1.51,2.89
2010s,kepler-1492,1,1.49,2.83
2010s,kepler-1493,1,1.41,2.57
2010s,kepler-1494,1,3.07,9.64
2010s,kepler-1495,1,2.94,8.96
2010s,kepler-1496,1,2.22,5.56
2010s,kepler-1497,1,1.66,3.39
2010s,kepler-1498,1,1.33,2.33
2010s,kepler-1499,1,1.19,1.81
2010s,kepler-15,1,10.76,209.76
2010s,kepler-1500,1,1.2,1.87
2010s,kepler-1501,1,1.56,3.05
2010s,kepler-1502,1,3.18,10.2
2010s,kepler-1503,1,2.27,5.77
2010s,kepler-1504,1,2.13,5.18
2010s,kepler-1505,1,0.93,0.749
2010s,kepler-1506,1,1.32,2.3
2010s,kepler-1507,1,0.84,0.52
2010s,kepler-1508,1,1.33,2.33
2010s,kepler-1509,1,1.85,4.08
2010s,kepler-1510,1,3.36,11.2
2010s,kepler-1511,1,1.68,3.46
2010s,kepler-1512,1,1.18,1.76
2010s,kepler-1513,1,8.594,48.31
2010s,kepler-1514,1,12.42,1678.142
2010s,kepler-1515,1,9.55,66.2
2010s,kepler-1516,1,1.75,3.71
2010s,kepler-1517,1,9.76,68.7
2010s,kepler-1518,1,3.05,9.53
2010s,kepler-1519,1,7.06,39.6
2010s,kepler-1520,1,5.77,28.1
2010s,kepler-1521,1,2.5,6.8
2010s,kepler-1522,1,1.73,3.64
2010s,kepler-1523,1,1.58,3.12
2010s,kepler-1524,1,3.54,12.3
2010s,kepler-1525,1,0.91,0.693
2010s,kepler-1526,1,2.43,6.48
2010s,kepler-1527,1,4.77,20.4
2010s,kepler-1528,1,1.46,2.73
2010s,kepler-1529,1,2.1,5.06
2010s,kepler-1531,1,1.11,1.41
2010s,kepler-1532,1,1.35,2.39
2010s,kepler-1533,1,3.46,11.8
2010s,kepler-1534,1,1.89,4.23
2010s,kepler-1535,1,2.55,7.04
2010s,kepler-1536,1,3.14,10.0
2010s,kepler-1537,1,1.18,1.76
2010s,kepler-1538,1,2.82,8.35
2010s,kepler-1539,1,2.7,7.75
2010s,kepler-1540,1,2.49,6.76
2010s,kepler-1541,1,1.16,1.65
2010s,kepler-1543,1,2.71,7.8
2010s,kepler-1544,1,1.78,3.82
2010s,kepler-1545,1,2.7,7.75
2010s,kepler-1546,1,3.13,9.96
2010s,kepler-1547,1,0.9,0.666
2010s,kepler-1548,1,2.64,7.46
2010s,kepler-1549,1,2.57,7.13
2010s,kepler-1550,1,3.02,9.38
2010s,kepler-1551,1,2.66,7.56
2010s,kepler-1552,1,2.47,6.66
2010s,kepler-1553,1,1.15,1.6
2010s,kepler-1554,1,2.9,8.75
2010s,kepler-1555,1,1.61,3.22
2010s,kepler-1556,1,1.96,4.5
2010s,kepler-1557,1,1.53,2.96
2010s,kepler-1558,1,0.68,0.244
2010s,kepler-1559,1,0.72,0.299
2010s,kepler-1560,1,0.89,0.64
2010s,kepler-1561,1,1.09,1.32
2010s,kepler-1562,1,3.55,12.3
2010s,kepler-1563,1,0.75,0.347
2010s,kepler-1564,1,1.47,2.76
2010s,kepler-1565,1,1.19,1.81
2010s,kepler-1566,1,0.79,0.418
2010s,kepler-1567,1,2.73,7.9
2010s,kepler-1568,1,1.3,2.24
2010s,kepler-1569,1,1.68,3.46
2010s,kepler-1570,1,1.07,1.24
2010s,kepler-1571,1,1.52,2.92
2010s,kepler-1572,1,0.94,0.779
2010s,kepler-1573,1,1.2,1.87
2010s,kepler-1574,1,1.29,2.21
2010s,kepler-1575,1,1.31,2.27
2010s,kepler-1576,1,1.04,1.12
2010s,kepler-1577,1,1.13,1.51
2010s,kepler-1578,1,1.04,1.12
2010s,kepler-1579,1,0.84,0.52
2010s,kepler-1580,1,2.11,5.1
2010s,kepler-1581,1,0.8,0.437
2010s,kepler-1582,1,1.49,2.83
2010s,kepler-1583,1,0.6,0.156
2010s,kepler-1584,1,1.61,3.22
2010s,kepler-1585,1,1.79,3.86
2010s,kepler-1586,1,1.52,2.92
2010s,kepler-1587,1,1.33,2.33
2010s,kepler-1588,1,0.76,0.363
2010s,kepler-1589,1,1.09,1.32
2010s,kepler-1590,1,1.14,1.55
2010s,kepler-1591,1,1.27,2.15
2010s,kepler-1592,1,1.54,2.99
2010s,kepler-1593,1,3.17,10.2
2010s,kepler-1594,1,1.06,1.2
2010s,kepler-1595,1,1.23,2.04
2010s,kepler-1596,1,1.9,4.27
2010s,kepler-1597,1,1.06,1.2
2010s,kepler-1598,1,0.95,0.809
2010s,kepler-1599,1,1.62,3.26
2010s,kepler-16,1,8.449,105.833
2010s,kepler-1600,1,3.13,9.96
2010s,kepler-1601,1,0.82,0.477
2010s,kepler-1602,1,1.34,2.36
2010s,kepler-1603,1,1.29,2.21
2010s,kepler-1604,1,1.41,2.57
2010s,kepler-1605,1,1.08,1.28
2010s,kepler-1606,1,2.07,4.94
2010s,kepler-1607,1,0.92,0.721
2010s,kepler-1608,1,1.73,3.64
2010s,kepler-1609,1,2.22,5.56
2010s,kepler-1610,1,1.61,3.22
2010s,kepler-1611,1,0.81,0.457
2010s,kepler-1612,1,1.03,1.08
2010s,kepler-1613,1,2.08,4.98
2010s,kepler-1614,1,1.49,2.83
2010s,kepler-1615,1,2.06,4.9
2010s,kepler-1616,1,1.02,1.04
2010s,kepler-1617,1,1.2,1.87
2010s,kepler-1618,1,1.26,2.13
2010s,kepler-1619,1,0.76,0.363
2010s,kepler-1620,1,1.61,3.22
2010s,kepler-1621,1,2.16,5.31
2010s,kepler-1622,1,1.47,2.76
2010s,kepler-1623,1,1.31,2.27
2010s,kepler-1624,1,5.7,27.6
2010s,kepler-1625,1,6.06,30.6
2010s,kepler-1626,1,2.02,4.74
2010s,kepler-1627,1,3.69,13.2
2010s,kepler-1628,1,6.43,33.8
2010s,kepler-1629,1,0.77,0.381
2010s,kepler-1630,1,2.19,5.43
2010s,kepler-1631,1,1.35,2.39
2010s,kepler-1632,1,2.47,6.66
2010s,kepler-1633,1,1.58,3.12
2010s,kepler-1634,1,3.19,10.3
2010s,kepler-1635,1,3.64,12.9
2010s,kepler-1636,1,3.23,10.5
2010s,kepler-1637,1,0.89,0.64
2010s,kepler-1638,1,1.87,4.16
2010s,kepler-1639,1,2.58,7.18
2010s,kepler-1640,1,4.82,20.7
2010s,kepler-1643,1,2.32,5.99
2010s,kepler-1644,1,1.88,4.19
2010s,kepler-1645,1,1.78,3.82
2010s,kepler-1646,1,1.23,2.04
2010s,kepler-1647,1,11.874,483.0
2010s,kepler-1649,1,1.017,1.03
2010s,kepler-1650,1,0.96,0.84
2010s,kepler-1651,1,1.84,4.04
2010s,kepler-1652,1,1.6,3.19
2010s,kepler-1653,1,2.17,5.35
2010s,kepler-1654,1,9.18,158.915
2010s,kepler-1655,1,2.213,5.4
2010s,kepler-1656,1,4.574,47.8
2010s,kepler-17,1,14.68,778.65
2010s,kepler-1704,1,11.949,1322.166
2010s,kepler-21,1,1.639,7.5
2010s,kepler-22,1,2.1,9.1
2010s,kepler-34,1,8.564,69.92
2010s,kepler-35,1,8.16,40.363
2010s,kepler-38,1,4.3,122.0
2010s,kepler-39,1,13.9,6388.1
2010s,kepler-40,1,13.11,699.2
2010s,kepler-408,1,0.82,5.0
2010s,kepler-409,1,1.199,6.0
2010s,kepler-41,1,14.46,177.98
2010s,kepler-410 a,1,2.838,8.44
2010s,kepler-412,1,15.031,299.078
2010s,kepler-413,1,4.347,67.0
2010s,kepler-418,1,13.45,349.611
2010s,kepler-421,1,4.16,16.1
2010s,kepler-422,1,12.89,136.66
2010s,kepler-423,1,13.361,189.101
2010s,kepler-425,1,10.962,79.45
2010s,kepler-426,1,12.22,108.06
2010s,kepler-427,1,13.79,92.17
2010s,kepler-428,1,12.11,403.63
2010s,kepler-43,1,13.664,1026.591
2010s,kepler-433,1,16.25,896.24
2010s,kepler-434,1,12.67,908.96
2010s,kepler-435,1,22.31,266.97
2010s,kepler-437,1,2.14,5.22
2010s,kepler-438,1,1.12,1.46
2010s,kepler-439,1,2.24,5.65
2010s,kepler-44,1,12.22,317.82
2010s,kepler-440,1,1.86,4.12
2010s,kepler-441,1,1.64,3.33
2010s,kepler-442,1,1.34,2.36
2010s,kepler-443,1,2.33,6.04
2010s,kepler-447,1,18.49,435.41
2010s,kepler-45,1,10.76,160.497
2010s,kepler-452,1,1.63,3.29
2010s,kepler-453,1,6.204,16.0
2010s,kepler-461,1,2.58,7.18
2010s,kepler-462,1,3.0,53.9
2010s,kepler-463,1,3.05,9.53
2010s,kepler-464,1,3.3,10.9
2010s,kepler-465,1,2.95,9.01
2010s,kepler-467,1,2.25,5.69
2010s,kepler-468,1,13.34,
2010s,kepler-471,1,14.96,
2010s,kepler-472,1,3.22,10.5
2010s,kepler-473,1,4.08,15.6
2010s,kepler-474,1,3.06,9.59
2010s,kepler-475,1,2.49,6.76
2010s,kepler-476,1,3.08,9.69
2010s,kepler-477,1,2.07,4.94
2010s,kepler-478,1,2.71,7.8
2010s,kepler-479,1,2.12,5.14
2010s,kepler-480,1,2.78,8.15
2010s,kepler-481,1,2.5,6.8
2010s,kepler-482,1,2.36,6.17
2010s,kepler-483,1,3.21,10.4
2010s,kepler-484,1,2.28,5.82
2010s,kepler-485,1,14.41,
2010s,kepler-489,1,7.72,46.1
2010s,kepler-490,1,11.65,
2010s,kepler-491,1,8.92,59.0
2010s,kepler-493,1,15.13,
2010s,kepler-495,1,5.23,23.8
2010s,kepler-496,1,2.32,5.99
2010s,kepler-497,1,6.04,30.4
2010s,kepler-498,1,3.03,9.43
2010s,kepler-499,1,2.17,5.35
2010s,kepler-500,1,2.58,7.18
2010s,kepler-501,1,4.3,17.1
2010s,kepler-502,1,4.77,20.4
2010s,kepler-504,1,1.59,3.15
2010s,kepler-505,1,2.6,7.27
2010s,kepler-506,1,2.73,7.9
2010s,kepler-507,1,1.3,5.697
2010s,kepler-508,1,1.64,3.33
2010s,kepler-509,1,2.49,6.76
2010s,kepler-510,1,2.47,6.66
2010s,kepler-511,1,6.35,33.1
2010s,kepler-512,1,2.69,7.7
2010s,kepler-513,1,2.2,5.48
2010s,kepler-514,1,1.72,3.61
2010s,kepler-515,1,1.46,2.73
2010s,kepler-516,1,5.74,27.9
2010s,kepler-517,1,2.67,7.61
2010s,kepler-518,1,2.11,5.1
2010s,kepler-519,1,2.1,5.06
2010s,kepler-521,1,3.18,10.2
2010s,kepler-522,1,6.91,38.2
2010s,kepler-523,1,1.96,4.5
2010s,kepler-525,1,2.63,7.41
2010s,kepler-526,1,1.99,4.62
2010s,kepler-527,1,2.84,8.45
2010s,kepler-528,1,2.08,4.98
2010s,kepler-530,1,3.01,9.32
2010s,kepler-531,1,2.78,8.15
2010s,kepler-532,1,2.57,7.13
2010s,kepler-533,1,3.38,11.4
2010s,kepler-534,1,2.24,5.65
2010s,kepler-535,1,2.36,6.17
2010s,kepler-536,1,3.1,9.8
2010s,kepler-537,1,1.41,2.57
2010s,kepler-538,1,2.215,12.9
2010s,kepler-540,1,2.71,7.8
2010s,kepler-541,1,3.36,11.2
2010s,kepler-542,1,1.57,3.09
2010s,kepler-543,1,2.5,6.8
2010s,kepler-544,1,2.12,5.14
2010s,kepler-545,1,2.69,7.7
2010s,kepler-546,1,7.0,39.1
2010s,kepler-547,1,4.0,15.1
2010s,kepler-548,1,11.99,
2010s,kepler-550,1,4.42,17.9
2010s,kepler-551,1,2.73,7.9
2010s,kepler-552,1,3.95,14.8
2010s,kepler-554,1,4.29,17.0
2010s,kepler-555,1,2.83,8.4
2010s,kepler-556,1,2.24,5.65
2010s,kepler-557,1,2.67,7.61
2010s,kepler-558,1,2.37,6.21
2010s,kepler-559,1,3.61,12.7
2010s,kepler-560,1,1.72,3.61
2010s,kepler-562,1,5.21,23.7
2010s,kepler-563,1,3.09,9.75
2010s,kepler-564,1,4.63,19.4
2010s,kepler-565,1,3.64,12.9
2010s,kepler-566,1,2.15,5.27
2010s,kepler-567,1,2.25,5.69
2010s,kepler-568,1,2.26,5.73
2010s,kepler-569,1,3.16,10.1
2010s,kepler-570,1,2.45,6.57
2010s,kepler-571,1,2.64,7.46
2010s,kepler-572,1,2.58,7.18
2010s,kepler-573,1,2.79,8.2
2010s,kepler-574,1,2.39,6.3
2010s,kepler-575,1,2.39,6.3
2010s,kepler-576,1,3.27,10.7
2010s,kepler-577,1,2.55,7.04
2010s,kepler-578,1,2.0,4.66
2010s,kepler-579,1,2.0,4.66
2010s,kepler-580,1,2.57,7.13
2010s,kepler-581,1,2.63,7.41
2010s,kepler-582,1,3.68,13.1
2010s,kepler-583,1,2.28,5.82
2010s,kepler-584,1,4.21,16.5
2010s,kepler-585,1,2.83,8.4
2010s,kepler-586,1,2.79,8.2
2010s,kepler-587,1,2.23,5.6
2010s,kepler-588,1,2.63,7.41
2010s,kepler-589,1,2.27,5.77
2010s,kepler-590,1,4.02,15.2
2010s,kepler-591,1,3.39,11.4
2010s,kepler-592,1,2.39,6.3
2010s,kepler-593,1,2.87,8.6
2010s,kepler-594,1,2.18,5.39
2010s,kepler-595,1,3.708,17.4
2010s,kepler-596,1,3.46,11.8
2010s,kepler-597,1,2.37,6.21
2010s,kepler-598,1,1.5,2.86
2010s,kepler-599,1,2.84,8.45
2010s,kepler-600,1,2.9,8.75
2010s,kepler-601,1,1.9,4.27
2010s,kepler-602,1,2.09,5.02
2010s,kepler-604,1,2.59,7.22
2010s,kepler-606,1,3.31,11.0
2010s,kepler-607,1,0.87,0.59
2010s,kepler-608,1,3.64,12.9
2010s,kepler-609,1,3.35,11.2
2010s,kepler-61,1,2.15,5.27
2010s,kepler-611,1,1.65,3.36
2010s,kepler-612,1,2.84,8.45
2010s,kepler-613,1,2.29,5.86
2010s,kepler-614,1,2.39,6.3
2010s,kepler-615,1,1.74,3.68
2010s,kepler-617,1,1.32,2.3
2010s,kepler-618,1,2.6,7.27
2010s,kepler-620,1,3.32,11.0
2010s,kepler-621,1,2.3,5.9
2010s,kepler-622,1,2.13,5.18
2010s,kepler-623,1,3.01,9.32
2010s,kepler-624,1,2.31,5.95
2010s,kepler-626,1,2.29,5.86
2010s,kepler-627,1,3.73,13.4
2010s,kepler-629,1,1.38,2.48
2010s,kepler-63,1,6.11,120.0
2010s,kepler-630,1,3.18,10.2
2010s,kepler-631,1,2.9,8.75
2010s,kepler-632,1,2.21,5.52
2010s,kepler-633,1,1.63,3.29
2010s,kepler-634,1,1.89,4.23
2010s,kepler-635,1,2.64,7.46
2010s,kepler-636,1,4.45,18.1
2010s,kepler-637,1,4.75,20.2
2010s,kepler-638,1,1.83,4.01
2010s,kepler-639,1,2.38,6.26
2010s,kepler-640,1,2.56,7.08
2010s,kepler-641,1,1.85,4.08
2010s,kepler-642,1,2.9,8.75
2010s,kepler-643,1,10.16,321.008
2010s,kepler-644,1,3.15,10.1
2010s,kepler-645,1,2.1,5.06
2010s,kepler-646,1,1.99,4.62
2010s,kepler-647,1,1.17,1.71
2010s,kepler-648,1,3.22,10.5
2010s,kepler-649,1,2.26,5.73
2010s,kepler-650,1,2.96,9.06
2010s,kepler-651,1,2.37,6.21
2010s,kepler-652,1,2.49,6.76
2010s,kepler-654,1,2.07,4.94
2010s,kepler-655,1,2.71,7.8
2010s,kepler-656,1,3.12,9.91
2010s,kepler-657,1,3.52,12.2
2010s,kepler-658,1,1.63,3.29
2010s,kepler-659,1,2.5,6.8
2010s,kepler-66,1,2.8,8.25
2010s,kepler-660,1,2.57,7.13
2010s,kepler-661,1,3.07,9.64
2010s,kepler-662,1,2.18,5.39
2010s,kepler-663,1,2.6,7.27
2010s,kepler-664,1,2.66,7.56
2010s,kepler-665,1,2.6,7.27
2010s,kepler-666,1,2.4,6.35
2010s,kepler-667,1,4.73,20.1
2010s,kepler-668,1,2.7,7.75
2010s,kepler-669,1,4.83,20.8
2010s,kepler-67,1,2.94,8.96
2010s,kepler-670,1,13.18,
2010s,kepler-671,1,2.69,7.7
2010s,kepler-672,1,2.5,6.8
2010s,kepler-673,1,6.54,34.8
2010s,kepler-674,1,1.69,3.5
2010s,kepler-675,1,2.44,6.53
2010s,kepler-676,1,3.04,9.48
2010s,kepler-677,1,5.38,25.0
2010s,kepler-678,1,5.14,23.1
2010s,kepler-679,1,3.01,9.32
2010s,kepler-680,1,2.42,6.44
2010s,kepler-681,1,3.08,9.69
2010s,kepler-682,1,7.37,42.6
2010s,kepler-683,1,1.97,4.54
2010s,kepler-684,1,3.36,11.2
2010s,kepler-685,1,10.58,78.8
2010s,kepler-686,1,12.15,
2010s,kepler-687,1,3.52,12.2
2010s,kepler-688,1,9.76,68.7
2010s,kepler-689,1,2.89,8.7
2010s,kepler-690,1,5.95,29.6
2010s,kepler-691,1,2.09,5.02
2010s,kepler-692,1,3.11,9.85
2010s,kepler-693,1,10.18,73.8
2010s,kepler-694,1,2.8,8.25
2010s,kepler-695,1,9.21,62.3
2010s,kepler-696,1,6.14,31.3
2010s,kepler-697,1,4.13,16.0
2010s,kepler-698,1,3.68,13.1
2010s,kepler-700,1,5.99,30.0
2010s,kepler-701,1,2.84,8.45
2010s,kepler-702,1,9.17,61.8
2010s,kepler-703,1,8.2,51.1
2010s,kepler-704,1,2.61,7.32
2010s,kepler-705,1,2.11,5.1
2010s,kepler-707,1,1.33,2.33
2010s,kepler-708,1,2.93,8.91
2010s,kepler-709,1,2.92,8.85
2010s,kepler-710,1,1.88,4.19
2010s,kepler-711,1,3.41,11.5
2010s,kepler-713,1,2.48,6.71
2010s,kepler-714,1,9.67,67.6
2010s,kepler-715,1,3.75,13.5
2010s,kepler-716,1,2.9,8.75
2010s,kepler-717,1,2.42,6.44
2010s,kepler-718,1,16.56,
2010s,kepler-719,1,8.52,54.5
2010s,kepler-720,1,8.41,53.4
2010s,kepler-721,1,2.64,7.46
2010s,kepler-723,1,12.19,
2010s,kepler-724,1,3.29,10.8
2010s,kepler-725,1,10.8,81.6
2010s,kepler-726,1,3.26,10.7
2010s,kepler-727,1,2.53,6.94
2010s,kepler-728,1,3.34,11.1
2010s,kepler-729,1,3.58,12.5
2010s,kepler-731,1,13.88,
2010s,kepler-733,1,2.82,8.35
2010s,kepler-734,1,3.56,12.4
2010s,kepler-735,1,2.95,9.01
2010s,kepler-736,1,2.93,8.91
2010s,kepler-737,1,1.96,4.5
2010s,kepler-738,1,2.5,6.8
2010s,kepler-739,1,3.32,11.0
2010s,kepler-74,1,10.76,200.22
2010s,kepler-740,1,4.57,18.9
2010s,kepler-741,1,2.97,9.11
2010s,kepler-742,1,3.24,10.6
2010s,kepler-743,1,1.21,1.92
2010s,kepler-744,1,1.62,3.26
2010s,kepler-745,1,2.16,5.31
2010s,kepler-746,1,1.11,1.41
2010s,kepler-747,1,5.27,24.1
2010s,kepler-748,1,2.52,6.9
2010s,kepler-749,1,3.1,9.8
2010s,kepler-75,1,11.77,3209.9
2010s,kepler-751,1,2.46,6.62
2010s,kepler-752,1,2.81,8.3
2010s,kepler-753,1,1.91,4.31
2010s,kepler-754,1,2.01,4.7
2010s,kepler-756,1,1.12,1.46
2010s,kepler-757,1,1.36,2.42
2010s,kepler-759,1,2.27,5.77
2010s,kepler-76,1,15.244,638.838
2010s,kepler-761,1,2.03,4.78
2010s,kepler-762,1,12.68,
2010s,kepler-763,1,1.22,1.98
2010s,kepler-764,1,1.64,3.33
2010s,kepler-765,1,2.43,6.48
2010s,kepler-766,1,3.39,11.4
2010s,kepler-767,1,6.64,35.7
2010s,kepler-768,1,1.79,3.86
2010s,kepler-77,1,10.761,136.661
2010s,kepler-771,1,1.82,3.97
2010s,kepler-772,1,1.82,3.97
2010s,kepler-773,1,1.43,2.63
2010s,kepler-774,1,3.17,10.2
2010s,kepler-775,1,1.19,1.81
2010s,kepler-776,1,1.28,2.18
2010s,kepler-777,1,1.47,2.76
2010s,kepler-778,1,1.68,3.46
2010s,kepler-779,1,0.92,0.721
2010s,kepler-78,1,1.201,1.68
2010s,kepler-780,1,0.89,0.64
2010s,kepler-781,1,2.89,8.7
2010s,kepler-782,1,3.21,10.4
2010s,kepler-783,1,0.78,0.399
2010s,kepler-784,1,1.58,3.12
2010s,kepler-785,1,13.02,
2010s,kepler-786,1,2.43,6.48
2010s,kepler-787,1,1.28,2.18
2010s,kepler-788,1,2.55,7.04
2010s,kepler-789,1,2.12,5.14
2010s,kepler-790,1,2.18,5.39
2010s,kepler-791,1,3.05,9.53
2010s,kepler-792,1,1.96,4.5
2010s,kepler-793,1,1.37,2.45
2010s,kepler-794,1,2.11,5.1
2010s,kepler-795,1,1.68,3.46
2010s,kepler-796,1,1.3,2.24
2010s,kepler-797,1,2.17,5.35
2010s,kepler-798,1,2.39,6.3
2010s,kepler-799,1,6.88,37.9
2010s,kepler-8,1,15.872,187.52
2010s,kepler-800,1,2.85,8.5
2010s,kepler-801,1,2.0,4.66
2010s,kepler-802,1,3.54,12.3
2010s,kepler-803,1,3.79,13.8
2010s,kepler-805,1,2.89,8.7
2010s,kepler-806,1,1.14,1.55
2010s,kepler-808,1,1.46,2.73
2010s,kepler-809,1,3.01,9.32
2010s,kepler-810,1,1.93,4.38
2010s,kepler-811,1,2.7,7.75
2010s,kepler-812,1,3.55,12.3
2010s,kepler-813,1,2.14,5.22
2010s,kepler-814,1,2.12,5.14
2010s,kepler-815,1,4.11,15.8
2010s,kepler-816,1,10.24,74.5
2010s,kepler-817,1,9.03,60.2
2010s,kepler-818,1,5.11,22.9
2010s,kepler-819,1,2.76,8.05
2010s,kepler-820,1,6.09,30.8
2010s,kepler-821,1,1.31,2.27
2010s,kepler-822,1,1.77,3.78
2010s,kepler-823,1,1.57,3.09
2010s,kepler-824,1,1.87,4.16
2010s,kepler-826,1,1.25,2.1
2010s,kepler-827,1,5.63,27.0
2010s,kepler-828,1,1.51,2.89
2010s,kepler-829,1,2.11,5.1
2010s,kepler-830,1,1.7,3.53
2010s,kepler-831,1,1.27,2.15
2010s,kepler-832,1,2.06,4.9
2010s,kepler-833,1,2.02,4.74
2010s,kepler-834,1,2.02,4.74
2010s,kepler-835,1,2.79,8.2
2010s,kepler-836,1,2.73,7.9
2010s,kepler-837,1,2.56,7.08
2010s,kepler-838,1,2.73,7.9
2010s,kepler-839,1,2.57,7.13
2010s,kepler-841,1,5.23,23.8
2010s,kepler-842,1,1.6,3.19
2010s,kepler-843,1,2.59,7.22
2010s,kepler-844,1,1.68,3.46
2010s,kepler-845,1,2.04,4.82
2010s,kepler-846,1,2.48,6.71
2010s,kepler-847,1,1.18,1.76
2010s,kepler-848,1,1.7,3.53
2010s,kepler-849,1,8.082,298.759
2010s,kepler-850,1,1.78,3.82
2010s,kepler-851,1,1.68,3.46
2010s,kepler-852,1,2.54,6.99
2010s,kepler-853,1,1.69,3.5
2010s,kepler-855,1,8.35,52.7
2010s,kepler-856,1,9.3,63.3
2010s,kepler-857,1,6.8,37.2
2010s,kepler-858,1,4.87,21.1
2010s,kepler-859,1,3.09,9.75
2010s,kepler-860,1,3.24,10.6
2010s,kepler-861,1,2.28,5.82
2010s,kepler-862,1,2.21,5.52
2010s,kepler-863,1,2.9,8.75
2010s,kepler-864,1,2.4,6.35
2010s,kepler-865,1,2.49,6.76
2010s,kepler-866,1,1.63,3.29
2010s,kepler-867,1,4.64,19.4
2010s,kepler-868,1,2.05,4.86
2010s,kepler-869,1,3.61,12.7
2010s,kepler-870,1,2.78,8.15
2010s,kepler-871,1,3.74,13.5
2010s,kepler-872,1,1.99,4.62
2010s,kepler-873,1,3.75,13.5
2010s,kepler-874,1,3.94,14.7
2010s,kepler-875,1,2.9,8.75
2010s,kepler-876,1,1.43,2.63
2010s,kepler-877,1,2.12,5.14
2010s,kepler-878,1,1.93,4.38
2010s,kepler-879,1,2.57,7.13
2010s,kepler-880,1,2.66,7.56
2010s,kepler-881,1,1.78,3.82
2010s,kepler-882,1,1.23,2.04
2010s,kepler-883,1,1.78,3.82
2010s,kepler-884,1,1.23,2.04
2010s,kepler-885,1,2.5,6.8
2010s,kepler-886,1,1.52,2.92
2010s,kepler-888,1,1.76,3.75
2010s,kepler-889,1,1.09,1.32
2010s,kepler-890,1,8.89,58.6
2010s,kepler-891,1,6.41,33.6
2010s,kepler-892,1,2.81,8.3
2010s,kepler-893,1,3.03,9.43
2010s,kepler-894,1,2.78,8.15
2010s,kepler-895,1,1.54,2.99
2010s,kepler-896,1,2.53,6.94
2010s,kepler-897,1,2.39,6.3
2010s,kepler-898,1,1.49,2.83
2010s,kepler-899,1,2.68,7.65
2010s,kepler-900,1,2.08,4.98
2010s,kepler-901,1,1.37,2.45
2010s,kepler-902,1,2.54,6.99
2010s,kepler-904,1,1.77,3.78
2010s,kepler-905,1,1.41,2.57
2010s,kepler-906,1,2.11,5.1
2010s,kepler-907,1,1.2,1.87
2010s,kepler-908,1,1.22,1.98
2010s,kepler-909,1,1.47,2.76
2010s,kepler-91,1,15.323,257.442
2010s,kepler-910,1,0.82,0.477
2010s,kepler-911,1,2.6,7.27
2010s,kepler-912,1,2.8,8.25
2010s,kepler-913,1,2.06,4.9
2010s,kepler-914,1,1.38,2.48
2010s,kepler-915,1,1.5,2.86
2010s,kepler-916,1,1.76,3.75
2010s,kepler-917,1,1.91,4.31
2010s,kepler-918,1,1.74,3.68
2010s,kepler-919,1,2.25,5.69
2010s,kepler-921,1,2.87,8.6
2010s,kepler-922,1,1.42,2.6
2010s,kepler-923,1,1.38,2.48
2010s,kepler-924,1,3.07,9.64
2010s,kepler-925,1,2.34,6.08
2010s,kepler-926,1,2.31,5.95
2010s,kepler-927,1,1.72,3.61
2010s,kepler-928,1,1.59,3.15
2010s,kepler-929,1,1.11,1.41
2010s,kepler-930,1,2.13,5.18
2010s,kepler-931,1,1.33,2.33
2010s,kepler-932,1,1.37,2.45
2010s,kepler-933,1,2.46,6.62
2010s,kepler-934,1,2.09,5.02
2010s,kepler-935,1,1.35,2.39
2010s,kepler-936,1,1.45,2.7
2010s,kepler-938,1,2.22,5.56
2010s,kepler-939,1,1.75,3.71
2010s,kepler-940,1,3.34,11.1
2010s,kepler-941,1,3.08,9.69
2010s,kepler-942,1,2.13,5.18
2010s,kepler-943,1,5.93,29.5
2010s,kepler-944,1,2.63,7.41
2010s,kepler-945,1,2.63,7.41
2010s,kepler-946,1,1.93,4.38
2010s,kepler-947,1,2.28,5.82
2010s,kepler-948,1,1.85,4.08
2010s,kepler-949,1,2.91,8.8
2010s,kepler-95,1,3.42,13.0
2010s,kepler-950,1,8.98,59.6
2010s,kepler-951,1,5.59,26.7
2010s,kepler-952,1,7.65,45.4
2010s,kepler-954,1,2.32,5.99
2010s,kepler-955,1,3.13,9.96
2010s,kepler-956,1,3.0,9.27
2010s,kepler-957,1,5.5,25.9
2010s,kepler-958,1,2.06,4.9
2010s,kepler-959,1,4.38,17.6
2010s,kepler-96,1,2.67,8.46
2010s,kepler-960,1,2.29,5.86
2010s,kepler-961,1,2.55,7.04
2010s,kepler-962,1,1.97,4.54
2010s,kepler-963,1,2.66,7.56
2010s,kepler-964,1,2.12,5.14
2010s,kepler-965,1,3.38,11.4
2010s,kepler-966,1,4.13,16.0
2010s,kepler-970,1,2.609,7.31
2010s,kepler-971,1,2.13,5.18
2010s,kepler-972,1,4.65,19.5
2010s,kepler-973,1,1.96,4.5
2010s,kepler-975,1,1.48,2.79
2010s,kepler-976,1,3.96,14.9
2010s,kepler-977,1,2.62,7.37
2010s,kepler-978,1,2.99,9.22
2010s,kepler-979,1,2.72,7.85
2010s,kepler-98,1,1.99,3.55
2010s,kepler-980,1,2.67,7.61
2010s,kepler-981,1,2.31,5.95
2010s,kepler-982,1,2.25,5.69
2010s,kepler-983,1,2.36,6.17
2010s,kepler-984,1,2.12,5.14
2010s,kepler-985,1,2.98,9.17
2010s,kepler-986,1,2.36,6.17
2010s,kepler-987,1,3.26,10.7
2010s,kepler-988,1,2.07,4.94
2010s,kepler-989,1,2.21,5.52
2010s,kepler-99,1,1.48,6.15
2010s,kepler-991,1,2.54,6.99
2010s,kepler-992,1,1.62,3.26
2010s,kepler-993,1,2.97,9.11
2010s,kepler-994,1,1.6,3.19
2010s,kepler-995,1,2.7,7.75
2010s,kepler-996,1,1.98,4.58
2010s,kepler-997,1,1.36,2.42
2010s,kepler-998,1,2.32,5.99
2010s,kepler-999,1,2.34,6.08
2010s,kic 10525077,1,5.5,25.9
2010s,kic 3558849,1,6.9,38.1
2010s,kic 7917485,1,12.4,3750.394
2010s,kmt-2016-blg-0212l,1,12.2,5700.0
2010s,kmt-2016-blg-1107l,1,13.1,1043.0
2010s,kmt-2016-blg-1397l,1,12.7,2200.0
2010s,kmt-2016-blg-1820l,1,12.9,1450.0
2010s,kmt-2016-blg-1836l,1,13.3,700.0
2010s,kmt-2016-blg-2142l,1,12.2,4923.0
2010s,kmt-2017-blg-0165l,1,6.45,34.0
2010s,kmt-2017-blg-1038l,1,13.4,640.0
2010s,kmt-2017-blg-1146l,1,14.0,230.0
2010s,kmt-2018-blg-1990l,1,12.9,111.0
2010s,koi-1257,1,10.54,460.83
2010s,koi-13,1,16.948,2949.462
2010s,koi-217,1,12.442,
2010s,koi-3680,1,11.097,613.412
2010s,kps-1,1,11.545,346.435
2010s,lhs 3844,1,1.303,2.25
2010s,lspm j2116+0234,1,3.71,13.3
2010s,ltt 1445 a,1,1.34,2.73
2010s,luhman 16 a,1,11.9,9344.155
2010s,mascara-1,1,17.901,1175.971
2010s,moa-2008-blg-379l,1,13.0,1300.0
2010s,moa-2009-blg-266l,1,3.21,10.4
2010s,moa-2009-blg-319l,1,9.64,67.3
2010s,moa-2009-blg-387l,1,13.2,830.0
2010s,moa-2010-blg-073l,1,12.4,3500.0
2010s,moa-2010-blg-117l,1,14.2,170.0
2010s,moa-2010-blg-328l,1,2.99,9.2
2010s,moa-2010-blg-353l,1,11.1,86.0
2010s,moa-2010-blg-477l,1,13.6,480.0
2010s,moa-2011-blg-028l,1,5.99,30.0
2010s,moa-2011-blg-262l,1,4.29,17.0
2010s,moa-2011-blg-291l,1,4.43,18.0
2010s,moa-2011-blg-293l,1,12.9,1500.0
2010s,moa-2011-blg-322l,1,12.4,3690.0
2010s,moa-2012-blg-006l,1,12.6,2700.0
2010s,moa-2012-blg-505l,1,2.48,6.7
2010s,moa-2013-blg-220l,1,13.2,871.0
2010s,moa-2013-blg-605l,1,1.62,3.24
2010s,moa-2015-blg-337l,1,6.42,33.7
2010s,moa-2016-blg-227l,1,13.2,890.0
2010s,moa-2016-blg-319l,1,14.1,200.0
2010s,moa-bin-1l,1,13.0,1200.0
2010s,moa-bin-29,1,14.1,190.0
2010s,mu leo,1,13.3,762.8
2010s,mxb 1658-298,1,12.0,7532.571
2010s,ngc 2682 sand 978,1,13.3,692.869
2010s,ngc 2682 ybp 1194,1,12.3,101.706
2010s,ngc 2682 ybp 1514,1,14.0,127.132
2010s,ngc 2682 ybp 401,1,14.3,146.202
2010s,ngts-1,1,14.908,258.078
2010s,ngts-2,1,17.878,235.194
2010s,ngts-3 a,1,16.589,756.435
2010s,ngts-4,1,3.18,20.6
2010s,ngts-5,1,12.733,72.783
2010s,ngts-6,1,14.863,425.574
2010s,ngts-8,1,12.218,295.582
2010s,ngts-9,1,11.994,921.707
2010s,nsvs 14256825,1,12.3,4497.295
2010s,nu oct a,1,13.3,696.044
2010s,ogle-2007-blg-349l a,1,10.7,80.0
2010s,ogle-2008-blg-092l,1,8.74,57.0
2010s,ogle-2008-blg-355l,1,12.9,1500.0
2010s,ogle-2011-blg-0173l,1,9.01,60.0
2010s,ogle-2011-blg-0251l,1,14.2,170.0
2010s,ogle-2011-blg-0265l,1,13.9,280.0
2010s,ogle-2012-blg-0358l,1,13.4,588.0
2010s,ogle-2012-blg-0406l,1,13.2,868.0
2010s,ogle-2012-blg-0563l,1,13.6,120.0
2010s,ogle-2012-blg-0724l,1,14.3,150.0
2010s,ogle-2012-blg-0950l,1,6.56,35.0
2010s,ogle-2013-blg-0102l,1,12.3,4100.0
2010s,ogle-2013-blg-0132l,1,11.6,92.0
2010s,ogle-2013-blg-0341l b,1,1.16,1.66
2010s,ogle-2013-blg-0911l,1,12.5,3020.0
2010s,ogle-2013-blg-1721l,1,14.1,200.0
2010s,ogle-2013-blg-1761l,1,13.2,860.0
2010s,ogle-2014-blg-0124l,1,14.1,206.588
2010s,ogle-2014-blg-0676l,1,13.0,1169.609
2010s,ogle-2014-blg-1760l,1,14.2,180.0
2010s,ogle-2015-blg-0051l,1,14.0,230.0
2010s,ogle-2015-blg-0954l,1,13.1,1100.0
2010s,ogle-2015-blg-0966l,1,4.86,21.0
2010s,ogle-2015-blg-1649l,1,13.2,807.0
2010s,ogle-2015-blg-1670l,1,4.42,17.9
2010s,ogle-2016-blg-0263l,1,13.0,1300.0
2010s,ogle-2016-blg-0613l ab,1,13.0,1330.0
2010s,ogle-2016-blg-1067l,1,14.3,140.0
2010s,ogle-2016-blg-1190l,1,12.3,4253.0
2010s,ogle-2016-blg-1195l,1,1.11,1.43
2010s,ogle-2016-blg-1266l,1,12.4,3813.941
2010s,ogle-2017-blg-0173l,1,1.62,3.269
2010s,ogle-2017-blg-0373l,1,14.0,127.0
2010s,ogle-2017-blg-0482l,1,2.95,9.0
2010s,ogle-2017-blg-1140l,1,13.5,505.0
2010s,ogle-2017-blg-1434l,1,1.94,4.43
2010s,ogle-2017-blg-1522l,1,14.0,240.0
2010s,ogle-2018-blg-0596l,1,3.81,13.93
2010s,ogle-2018-blg-0740l,1,12.9,1500.0
2010s,ome ser,1,14.0,233.922
2010s,omi crb,1,13.7,355.968
2010s,omi uma,1,13.0,1160.392
2010s,ph1,1,6.18,169.0
2010s,ph2,1,9.337,87.085
2010s,pots-1,1,10.548,734.16
2010s,pr0201,1,14.2,171.628
2010s,proxima cen,1,1.02,1.055
2010s,psi1 dra b,1,13.5,486.28
2010s,psr b0329+54,1,1.22,1.97
2010s,psr j1719-1438,1,,382.8
2010s,psr j2322-2650,1,13.9,252.643
2010s,qatar-1,1,12.812,411.272
2010s,qatar-10,1,17.295,233.923
2010s,qatar-2,1,14.056,792.635
2010s,qatar-3,1,12.285,1369.847
2010s,qatar-4,1,12.722,1938.763
2010s,qatar-5,1,12.408,1373.026
2010s,qatar-6,1,11.904,212.31
2010s,qatar-7,1,19.055,597.52
2010s,qatar-8,1,14.404,117.915
2010s,qatar-9,1,11.31,378.218
2010s,rho crb,1,5.78,28.2
2010s,ross 128,1,1.11,1.4
2010s,ross 458,1,14.011,1906.98
2010s,roxs 12,1,12.2,5085.0
2010s,roxs 42 b,1,12.5,2860.0
2010s,rr cae,1,13.0,1334.886
2010s,sr 12 ab,1,12.3,4131.62
2010s,tap 26,1,13.5,527.598
2010s,tau gem,1,12.1,6547.0
2010s,tcp j05074264+2447555,1,4.72,20.0
2010s,toi-150,1,14.067,797.753
2010s,toi-163,1,16.69,387.753
2010s,toi-172,1,10.817,1722.639
2010s,tres-5,1,13.384,568.916
2010s,tyc 3318-01333-1,1,13.1,1086.979
2010s,tyc 3667-1280-1,1,12.8,1716.282
2010s,tyc 4282-00605-1,1,12.4,3426.207
2010s,ukirt-2017-blg-001l,1,13.7,407.0
2010s,usco1556 a,1,12.3,4767.45
2010s,usco1621 a,1,12.2,5085.28
2010s,v830 tau,1,14.0,222.481
2010s,vhs j125601.92-125723.9,1,13.675,5085.255
2010s,wasp-100,1,14.908,400.466
2010s,wasp-101,1,16.029,162.093
2010s,wasp-103,1,17.127,473.547
2010s,wasp-104,1,12.745,404.263
2010s,wasp-105,1,10.761,572.094
2010s,wasp-106,1,12.106,613.409
2010s,wasp-107,1,10.536,30.5
2010s,wasp-113,1,15.793,150.969
2010s,wasp-114,1,15.009,562.241
2010s,wasp-117,1,11.882,95.349
2010s,wasp-118,1,16.141,163.365
2010s,wasp-119,1,15.693,390.931
2010s,wasp-120,1,15.58,1541.476
2010s,wasp-121,1,19.526,371.859
2010s,wasp-123,1,15.132,285.729
2010s,wasp-124,1,13.899,190.698
2010s,wasp-127,1,14.695,52.347
2010s,wasp-129,1,10.424,317.83
2010s,wasp-130,1,9.976,390.931
2010s,wasp-131,1,13.742,86.767
2010s,wasp-132,1,10.099,136.031
2010s,wasp-133,1,13.563,368.683
2010s,wasp-135,1,14.572,603.877
2010s,wasp-136,1,16.813,479.921
2010s,wasp-138,1,12.218,387.753
2010s,wasp-139,1,8.967,37.186
2010s,wasp-140,1,14.235,775.505
2010s,wasp-141,1,13.563,854.963
2010s,wasp-142,1,17.15,266.977
2010s,wasp-144,1,9.528,139.845
2010s,wasp-145 a,1,10.088,282.869
2010s,wasp-147,1,12.498,87.403
2010s,wasp-151,1,13.305,100.434
2010s,wasp-153,1,17.374,123.954
2010s,wasp-156,1,6.028,41.8
2010s,wasp-157,1,11.19,182.434
2010s,wasp-158,1,11.994,886.746
2010s,wasp-159,1,15.468,174.807
2010s,wasp-160 b,1,12.218,88.357
2010s,wasp-161,1,12.812,791.397
2010s,wasp-162,1,11.209,1652.716
2010s,wasp-163,1,13.473,594.342
2010s,wasp-164,1,12.644,676.978
2010s,wasp-165,1,14.123,209.132
2010s,wasp-166,1,7.062,32.101
2010s,wasp-167,1,17.71,2542.64
2010s,wasp-168,1,16.814,133.489
2010s,wasp-169,1,14.617,178.303
2010s,wasp-170,1,12.285,508.528
2010s,wasp-171,1,10.985,344.528
2010s,wasp-172,1,17.598,149.38
2010s,wasp-173 a,1,13.451,1172.793
2010s,wasp-174,1,16.107,104.883
2010s,wasp-175,1,13.54,314.652
2010s,wasp-177,1,17.71,161.458
2010s,wasp-178,1,20.288,527.598
2010s,wasp-18,1,8.58,55.2
2010s,wasp-180 a,1,13.899,286.047
2010s,wasp-181,1,13.271,95.031
2010s,wasp-182,1,9.528,47.039
2010s,wasp-183,1,16.477,159.551
2010s,wasp-184,1,14.908,181.163
2010s,wasp-185,1,14.011,311.473
2010s,wasp-190,1,12.89,317.83
2010s,wasp-192,1,13.787,731.009
2010s,wasp-20,1,15.468,98.841
2010s,wasp-21,1,11.99,95.345
2010s,wasp-22,1,13.787,212.946
2010s,wasp-23,1,10.783,280.95
2010s,wasp-24,1,15.468,394.109
2010s,wasp-25,1,13.809,179.255
2010s,wasp-26,1,13.563,270.156
2010s,wasp-28,1,13.664,282.549
2010s,wasp-29,1,8.631,73.101
2010s,wasp-31,1,17.363,151.916
2010s,wasp-32,1,10.761,835.893
2010s,wasp-33,1,17.856,665.218
2010s,wasp-34,1,11.209,177.985
2010s,wasp-35,1,14.572,225.659
2010s,wasp-36,1,14.874,750.397
2010s,wasp-37,1,13.002,572.07
2010s,wasp-38,1,13.787,1093.335
2010s,wasp-39,1,14.336,89.31
2010s,wasp-42,1,12.576,167.496
2010s,wasp-43,1,10.424,565.714
2010s,wasp-44,1,12.33,276.512
2010s,wasp-45,1,10.604,306.388
2010s,wasp-46,1,13.159,607.055
2010s,wasp-48,1,16.814,254.264
2010s,wasp-49,1,12.442,117.597
2010s,wasp-50,1,13.07,466.829
2010s,wasp-52,1,14.24,146.2
2010s,wasp-54,1,17.71,187.52
2010s,wasp-55,1,14.729,186.247
2010s,wasp-56,1,10.536,143.024
2010s,wasp-57,1,11.769,204.683
2010s,wasp-58,1,16.029,308.295
2010s,wasp-59,1,8.687,274.276
2010s,wasp-60,1,9.864,174.807
2010s,wasp-61,1,15.805,851.784
2010s,wasp-62,1,14.796,165.272
2010s,wasp-63,1,15.805,117.597
2010s,wasp-64,1,14.247,403.945
2010s,wasp-65,1,12.464,492.62
2010s,wasp-66,1,15.693,746.901
2010s,wasp-67,1,12.89,136.667
2010s,wasp-68,1,14.796,343.256
2010s,wasp-69,1,11.21,82.58
2010s,wasp-70 a,1,13.047,187.512
2010s,wasp-71,1,13.227,441.784
2010s,wasp-72,1,14.46,731.009
2010s,wasp-73,1,15.917,908.994
2010s,wasp-74,1,15.244,228.838
2010s,wasp-75,1,14.235,340.06
2010s,wasp-76,1,20.781,284.139
2010s,wasp-77 a,1,13.56,529.311
2010s,wasp-78,1,21.633,352.791
2010s,wasp-79,1,17.15,270.154
2010s,wasp-80,1,11.198,170.993
2010s,wasp-81,1,16.018,231.698
2010s,wasp-82,1,18.159,371.861
2010s,wasp-83,1,11.657,95.349
2010s,wasp-84,1,10.72,220.0
2010s,wasp-85 a,1,13.899,402.055
2010s,wasp-87,1,15.524,692.869
2010s,wasp-88,1,16.365,133.489
2010s,wasp-89,1,11.657,1875.197
2010s,wasp-90,1,18.271,200.233
2010s,wasp-91,1,11.545,425.892
2010s,wasp-92,1,16.376,255.853
2010s,wasp-93,1,17.901,467.21
2010s,wasp-94 a,1,17.71,158.915
2010s,wasp-94 b,1,14.1,196.411
2010s,wasp-95,1,13.787,457.675
2010s,wasp-96,1,13.45,152.55
2010s,wasp-97,1,12.778,432.249
2010s,wasp-98,1,12.823,293.039
2010s,wasp-99,1,11.433,772.327
2010s,wd 0806-661,1,12.6,2542.627
2010s,wisep j121756.91+162640.2 a,1,10.468,6992.0
2010s,wolf 503,1,2.043,6.26
2010s,wts-1,1,16.7,1274.44
2010s,wts-2,1,15.278,355.97
2010s,xo-4,1,14.011,451.319
2010s,xo-6,1,23.203,1398.452
2010s,xo-7,1,15.39,225.341
2020s,hd 110067,6,2.431,6.308
2020s,hd 191939,6,6.59,176.974
2020s,toi-1136,6,3.052,6.59
2020s,toi-178,6,2.218,4.052
2020s,hd 108236,5,2.265,5.918
2020s,hd 134606,5,3.5,14.634
2020s,hd 158259,5,2.076,5.09
2020s,k2-384,5,1.445,2.708
2020s,au mic,4,3.092,12.968
2020s,barnard's star,4,0.699,0.273
2020s,kepler-1987,4,1.785,4.07
2020s,toi-1203,4,3.487,14.615
2020s,toi-1246,4,3.102,9.275
2020s,toi-2076,4,2.718,25.625
2020s,toi-4010,4,7.108,190.365
2020s,toi-500,4,3.399,13.655
2020s,toi-561,4,2.349,8.42
2020s,toi-700,4,1.385,2.511
2020s,epic 249893012,3,3.187,11.2
2020s,gj 1061,3,1.147,1.583
2020s,gj 367,3,1.63,3.598
2020s,hd 153557,3,7.01,2921.161
2020s,hd 184010,3,12.733,112.299
2020s,hd 224018,3,1.91,6.233
2020s,hd 22946,3,2.099,16.667
2020s,hd 23472,3,0.902,0.68
2020s,hd 28109,3,3.31,7.067
2020s,hd 28471,3,2.023,4.783
2020s,hd 39194,3,2.017,4.767
2020s,hd 42813,3,2.166,6.247
2020s,hd 48948,3,2.633,7.58
2020s,hd 63433,3,1.968,12.848
2020s,hd 73344,3,9.861,313.164
2020s,hd 93385,3,2.443,6.667
2020s,hd 96700,3,2.743,8.367
2020s,k2-268,3,1.683,3.587
2020s,k2-352,3,1.84,4.133
2020s,k2-368,3,1.547,3.07
2020s,k2-381,3,1.588,3.14
2020s,kepler-139,3,7.355,138.667
2020s,kepler-1669,3,1.967,4.8
2020s,lhs 1678,3,0.869,0.886
2020s,toi-1117,3,2.88,9.463
2020s,toi-1260,3,2.763,11.2
2020s,toi-1266,3,2.08,3.77
2020s,toi-1749,3,2.01,28.667
2020s,toi-2141,3,3.156,13.713
2020s,toi-431,3,2.02,5.267
2020s,toi-4504,3,9.129,551.756
2020s,toi-451,3,3.027,9.903
2020s,toi-5789,3,2.2,6.007
2020s,toi-663,3,2.15,4.433
2020s,toi-712,3,2.408,6.43
2020s,toi-7510,3,9.547,113.033
2020s,2mass j19383260+4603591,2,13.5,535.541
2020s,55 cnc b,2,1.925,4.4
2020s,bd-210397,2,13.45,869.788
2020s,epic 201595106,2,2.792,11.45
2020s,epic 206024342,2,2.0,4.905
2020s,epic 212624936,2,1.75,3.885
2020s,g 192-15,2,2.445,7.665
2020s,g 264-012,2,1.575,3.125
2020s,gj 1002,2,1.065,1.22
2020s,gj 2030,2,7.165,2036.962
2020s,gj 251,2,1.795,3.865
2020s,gj 3473,2,1.947,4.635
2020s,gj 3929,2,1.675,3.73
2020s,gj 414 a,2,5.515,30.715
2020s,gj 806,2,1.805,3.85
2020s,gj 887,2,2.275,5.9
2020s,hd 105618,2,8.67,4222.509
2020s,hd 109833,2,2.739,7.955
2020s,hd 110113,2,2.082,7.525
2020s,hd 115404 a,2,9.295,1655.25
2020s,hd 12235,2,7.865,1573.092
2020s,hd 137496,2,6.955,1219.303
2020s,hd 13808,2,3.24,10.58
2020s,hd 140901,2,8.735,293.832
2020s,hd 151450,2,9.87,837.319
2020s,hd 152843,2,4.495,9.745
2020s,hd 155918,2,7.735,942.838
2020s,hd 156098,2,8.46,838.749
2020s,hd 15906,2,2.585,7.28
2020s,hd 164922,2,2.53,7.26
2020s,hd 18143,2,7.89,1594.227
2020s,hd 189567,2,2.695,7.75
2020s,hd 203387,2,12.85,1742.494
2020s,hd 206893,2,15.188,6467.808
2020s,hd 216520,2,3.105,9.85
2020s,hd 25463,2,1.954,6.5
2020s,hd 25912,2,9.55,2645.445
2020s,hd 260655,2,1.386,2.615
2020s,hd 35843,2,2.415,8.58
2020s,hd 5278,2,3.47,13.1
2020s,hd 62364,2,12.05,6944.551
2020s,hd 63935,2,2.99,10.8
2020s,hd 73583,2,2.59,9.95
2020s,hd 74698,2,9.56,74.5
2020s,hd 80653,2,7.207,862.586
2020s,hd 81817,2,12.0,7427.173
2020s,hd 87816,2,12.55,3009.835
2020s,hd 93351,2,6.995,2078.757
2020s,hd 93963 a,2,2.295,10.6
2020s,hd 94890,2,12.9,1754.413
2020s,hip 111909,2,13.8,321.007
2020s,hip 113103,2,2.115,5.175
2020s,hip 38594,2,5.355,28.25
2020s,hip 56998,2,0.973,0.882
2020s,hip 67522,2,8.962,59.85
2020s,hip 8152,2,2.53,9.8
2020s,hip 9618,2,3.628,7.65
2020s,hip 97166,2,2.615,13.55
2020s,k2-157,2,5.62,27.05
2020s,k2-316,2,1.58,3.17
2020s,k2-331,2,2.255,5.855
2020s,k2-343,2,1.835,4.05
2020s,k2-348,2,2.965,9.155
2020s,k2-374,2,1.903,4.345
2020s,k2-389,2,2.185,5.43
2020s,k2-395,2,2.996,9.33
2020s,k2-396,2,2.352,6.525
2020s,k2-398,2,3.686,14.295
2020s,k2-407,2,1.322,2.305
2020s,k2-413,2,0.996,1.207
2020s,k2-414,2,1.574,3.18
2020s,kepler-1130,2,0.719,0.312
2020s,kepler-1666,2,3.059,9.58
2020s,kepler-1693,2,1.133,1.552
2020s,kepler-1705,2,2.04,4.945
2020s,kepler-1801,2,2.81,8.3
2020s,kepler-1802,2,1.997,4.715
2020s,kepler-1814,2,2.065,4.98
2020s,kepler-1834,2,1.34,2.355
2020s,kepler-1859,2,1.622,3.26
2020s,kepler-1869,2,0.93,0.895
2020s,kepler-1894,2,1.206,1.895
2020s,kepler-1907,2,1.013,1.11
2020s,kepler-1921,2,2.152,5.645
2020s,kepler-1972,2,0.835,2.065
2020s,kepler-1990,2,2.125,5.802
2020s,kepler-1991,2,2.02,4.945
2020s,kepler-1996,2,2.535,7.015
2020s,kepler-2000,2,2.15,5.495
2020s,kepler-2001,2,1.43,2.545
2020s,kepler-324,2,1.584,118.622
2020s,kepler-763,2,1.545,3.015
2020s,kmt-2020-blg-0414l,2,6.55,4291.618
2020s,kmt-2021-blg-1077l,2,10.23,74.69
2020s,kmt-2022-blg-1818l,2,13.1,692.866
2020s,kmt-2024-blg-0404l,2,8.115,4337.473
2020s,kobe-1,2,3.235,10.6
2020s,koi-134,2,10.949,208.178
2020s,koi-1783,2,7.15,43.0
2020s,koi-3503,2,1.2,9.78
2020s,koi-984,2,9.2,113.45
2020s,l 98-59,2,1.485,2.81
2020s,lp 890-9,2,1.344,19.25
2020s,ltt 3780,2,1.858,5.25
2020s,ogle-2019-blg-0468l,2,12.8,2169.179
2020s,rho crb,2,3.355,12.695
2020s,tic 139270665,2,10.065,850.668
2020s,tic 279401253,2,11.904,2250.225
2020s,tic 434398831,2,4.57,19.55
2020s,toi-1052,2,4.675,25.6
2020s,toi-1062,2,2.683,9.965
2020s,toi-1064,2,2.619,8.0
2020s,toi-1130,2,8.33,177.9
2020s,toi-1224,2,2.494,6.875
2020s,toi-1238,2,1.66,6.04
2020s,toi-1272,2,4.541,24.35
2020s,toi-1288,2,8.034,64.9
2020s,toi-1294,2,12.212,105.45
2020s,toi-1338 a,2,8.981,43.35
2020s,toi-1346,2,2.31,5.95
2020s,toi-1347,2,1.7,8.75
2020s,toi-1386,2,8.258,60.5
2020s,toi-1408,2,13.61,300.3
2020s,toi-1410,2,4.365,19.75
2020s,toi-1422,2,3.22,11.75
2020s,toi-1438,2,2.895,10.0
2020s,toi-1450 a,2,1.13,1.393
2020s,toi-1453,2,1.699,2.635
2020s,toi-1468,2,1.764,3.57
2020s,toi-1470,2,2.325,7.28
2020s,toi-1472,2,3.696,19.59
2020s,toi-1634,2,1.773,7.57
2020s,toi-1669,2,8.198,102.0
2020s,toi-1670,2,6.562,120.775
2020s,toi-1694,2,9.571,164.15
2020s,toi-1736,2,7.841,1406.15
2020s,toi-1782,2,2.104,5.12
2020s,toi-1798,2,1.956,6.05
2020s,toi-1803,2,3.64,9.16
2020s,toi-1836,2,5.302,23.229
2020s,toi-199,2,10.24,71.511
2020s,toi-2000,2,5.42,46.35
2020s,toi-201,2,11.478,2348.752
2020s,toi-2015,2,3.12,9.055
2020s,toi-2093,2,2.775,13.2
2020s,toi-2095,2,1.29,5.75
2020s,toi-2096,2,1.579,3.2
2020s,toi-2134,2,4.98,25.51
2020s,toi-2202,2,12.176,202.298
2020s,toi-2295,2,14.639,1030.559
2020s,toi-2322,2,1.434,10.205
2020s,toi-2345,2,1.978,5.38
2020s,toi-238,2,1.87,5.035
2020s,toi-2458,2,3.005,11.765
2020s,toi-2525,2,9.404,117.755
2020s,toi-2537,2,11.977,1356.651
2020s,toi-286,2,1.65,4.125
2020s,toi-406,2,1.7,4.325
2020s,toi-421,2,3.865,10.4
2020s,toi-4342,2,2.341,6.085
2020s,toi-4562,2,12.665,1282.935
2020s,toi-4600,2,8.11,1953.056
2020s,toi-5126,2,4.3,17.2
2020s,toi-5398,2,6.91,35.25
2020s,toi-544,2,3.469,12.195
2020s,toi-5489,2,1.34,2.36
2020s,toi-5799,2,1.747,3.7
2020s,toi-6041,2,7.525,53.4
2020s,toi-6054,2,2.73,10.9
2020s,toi-6109,2,4.852,20.95
2020s,toi-6695,2,11.564,263.798
2020s,toi-756,2,7.905,648.518
2020s,toi-763,2,2.455,9.555
2020s,toi-771,2,1.43,2.67
2020s,toi-776,2,1.923,5.95
2020s,toi-815,2,2.78,15.55
2020s,toi-836,2,2.146,7.065
2020s,toi-880,2,3.57,13.565
2020s,toi-904,2,2.297,5.9
2020s,toi-942,2,4.28,26.5
2020s,toi-969,2,7.583,1800.28
2020s,tyc 8998-760-1,2,12.315,3178.3
2020s,wasp-132,2,7.321,823.127
2020s,wasp-148,2,11.187,107.903
2020s,wispit 1,2,12.6,2494.953
2020s,14 her,1,12.9,1597.088
2020s,17 sco,1,12.9,1373.019
2020s,2mass j03590986+2009361,1,12.2,5720.911
2020s,2mass j04372171+2651014,1,13.0,1271.314
2020s,2mass j11011926-7732383,1,11.9,8899.195
2020s,2mass j11550485-7919108,1,12.1,6356.568
2020s,2mass j21252752-8138278,1,12.4,3813.941
2020s,75 cet,1,13.9,289.86
2020s,ab aur,1,12.5,2860.456
2020s,af lep,1,13.0,1147.361
2020s,at2021ueyl,1,13.6,425.89
2020s,b cen a,1,12.4,3464.33
2020s,bd+05 4868 a,1,,6.2
2020s,bd+37 3172,1,12.4,3368.981
2020s,bd+42 2315,1,14.2,174.806
2020s,bd+45 564,1,13.6,432.247
2020s,bd+55 362,1,14.0,228.836
2020s,bd+60 1417,1,14.684,4767.426
2020s,bd+63 1405,1,12.4,3305.415
2020s,bd-11 4672,1,4.04,15.37
2020s,bd-14 3065 a,1,21.59,3932.0
2020s,bebop-3,1,14.2,177.348
2020s,bebop-4 a,1,,8358.887
2020s,cd cet,1,1.82,3.95
2020s,cfhtwir-oph 98 a,1,20.849,2479.062
2020s,ci tau,1,13.0,1144.182
2020s,coconuts-2 a,1,12.442,2542.627
2020s,corot-30,1,11.31,921.707
2020s,corot-31,1,16.365,266.977
2020s,corot-35,1,18.831,349.611
2020s,corot-36,1,15.805,216.123
2020s,corot-7,1,4.31,17.142
2020s,dmpp-4,1,3.53,12.2
2020s,epic 201170410,1,1.047,1.15
2020s,epic 201427007,1,1.5,2.86
2020s,epic 201757695,1,0.908,0.688
2020s,epic 206042996,1,1.2,1.87
2020s,epic 206317286,1,2.094,5.03
2020s,epic 212297394,1,2.27,5.77
2020s,epic 212587672,1,2.32,5.99
2020s,epic 220492298,1,0.99,0.937
2020s,epic 228836835,1,1.1,1.37
2020s,epic 229004835,1,2.332,10.4
2020s,g 196-3,1,12.0,8263.539
2020s,g 261-6,1,1.1,1.37
2020s,g 268-110,1,1.13,1.52
2020s,gaia-1,1,13.776,533.952
2020s,gaia-2,1,14.818,259.666
2020s,gaia-4,1,12.4,3750.375
2020s,gaia-5,1,12.1,6633.079
2020s,gaia22dkvl,1,14.1,187.837
2020s,gam psc,1,13.6,425.89
2020s,gj 1151,1,3.25,10.62
2020s,gj 1252,1,1.193,1.32
2020s,gj 1289,1,2.38,6.27
2020s,gj 180,1,2.66,7.56
2020s,gj 2056,1,4.17,16.2
2020s,gj 2126,1,13.6,413.177
2020s,gj 229,1,2.87,8.581
2020s,gj 238,1,0.566,0.126
2020s,gj 3082,1,2.79,8.2
2020s,gj 3090,1,2.13,3.34
2020s,gj 3222,1,3.4,11.442
2020s,gj 328,1,4.91,21.4
2020s,gj 338 b,1,3.25,10.6
2020s,gj 341,1,0.88,4.0
2020s,gj 3512,1,14.3,143.976
2020s,gj 393,1,1.17,1.71
2020s,gj 3988,1,1.74,3.69
2020s,gj 3998,1,2.34,6.07
2020s,gj 411,1,3.76,13.6
2020s,gj 433,1,2.14,5.223
2020s,gj 463,1,13.1,1080.617
2020s,gj 480,1,3.69,13.2
2020s,gj 486,1,1.289,2.77
2020s,gj 508.2,1,,587.983
2020s,gj 514,1,2.13,5.2
2020s,gj 536,1,2.3,5.89
2020s,gj 680,1,12.0,7977.493
2020s,gj 687,1,4.14,16.0
2020s,gj 720 a,1,3.77,13.64
2020s,gj 724,1,3.27,10.75
2020s,gj 740,1,1.53,2.96
2020s,gj 896 a,1,13.3,718.292
2020s,gj 900 a,1,12.4,3496.112
2020s,gj 9066,1,9.6,66.744
2020s,gj 9404,1,3.48,11.9
2020s,gj 9689,1,3.07,9.65
2020s,gj 9714,1,12.5,2988.541
2020s,gj 9773,1,14.2,172.581
2020s,gl 410,1,2.83,8.4
2020s,gl 725 a,1,1.48,2.78
2020s,gliese 12,1,0.958,3.87
2020s,gpx-1,1,16.477,6261.22
2020s,hat-p-2,1,12.4,3400.764
2020s,hat-p-58,1,14.93,118.232
2020s,hat-p-59,1,12.588,489.456
2020s,hat-p-60,1,18.282,182.434
2020s,hat-p-61,1,10.077,335.945
2020s,hat-p-62,1,12.027,241.867
2020s,hat-p-63,1,12.543,195.147
2020s,hat-p-64,1,19.089,184.34
2020s,hat-p-68,1,12.016,230.109
2020s,hats-37 a,1,6.793,31.465
2020s,hats-38,1,6.882,23.519
2020s,hats-47,1,12.52,117.279
2020s,hats-48 a,1,8.967,77.233
2020s,hats-49,1,8.575,112.194
2020s,hats-71,1,11.478,117.597
2020s,hats-72,1,8.097,39.856
2020s,hats-74 a,1,11.568,464.029
2020s,hats-75,1,9.909,156.054
2020s,hats-76,1,12.094,835.571
2020s,hats-77,1,13.058,436.696
2020s,hd 102888,1,12.8,1808.444
2020s,hd 103891,1,13.2,918.524
2020s,hd 104067,1,3.69,13.2
2020s,hd 105779,1,14.1,203.41
2020s,hd 107148,1,4.7,19.896
2020s,hd 108202,1,13.1,953.485
2020s,hd 109286,1,13.2,950.307
2020s,hd 10975,1,14.3,143.023
2020s,hd 109988,1,12.1,6935.334
2020s,hd 110082,1,3.2,10.3
2020s,hd 110537,1,11.9,8612.832
2020s,hd 11112,1,12.6,2598.565
2020s,hd 111232,1,12.2,5740.935
2020s,hd 112300,1,12.2,5031.224
2020s,hd 112570,1,13.1,1086.973
2020s,hd 112640,1,12.9,1589.15
2020s,hd 113337,1,12.1,6299.677
2020s,hd 114082,1,11.209,2542.627
2020s,hd 11505,1,12.6,2510.527
2020s,hd 11506,1,12.3,4068.204
2020s,hd 115954,1,12.6,2685.65
2020s,hd 118203,1,12.4,3747.197
2020s,hd 122562,1,10.1,73.101
2020s,hd 124330,1,14.0,238.371
2020s,hd 125271,1,12.4,3465.601
2020s,hd 127506,1,5.67,27.333
2020s,hd 128717,1,12.1,6293.002
2020s,hd 135344 a,1,16.253,3178.284
2020s,hd 135625,1,13.3,731.005
2020s,hd 135694,1,2.857,6.1
2020s,hd 135872,1,12.8,1744.56
2020s,hd 136118,1,12.3,4164.188
2020s,hd 136925,1,13.9,266.976
2020s,hd 13724,1,8.18,50.853
2020s,hd 141004,1,3.77,13.635
2020s,hd 142,1,10.9,82.635
2020s,hd 143811 a,1,15.693,1938.753
2020s,hd 144899,1,4.77,20.341
2020s,hd 149806,1,12.3,4003.684
2020s,hd 150010,1,13.3,762.788
2020s,hd 154088,1,2.46,6.6
2020s,hd 154391,1,12.5,2892.239
2020s,hd 155193,1,14.0,238.371
2020s,hd 156668,1,6.17,31.497
2020s,hd 161178,1,14.1,181.162
2020s,hd 165131,1,12.1,5943.391
2020s,hd 167677,1,13.2,905.811
2020s,hd 167768,1,13.9,270.154
2020s,hd 168009,1,3.05,9.535
2020s,hd 168863,1,12.7,2154.877
2020s,hd 16905,1,12.4,3591.461
2020s,hd 169142,1,13.1,953.485
2020s,hd 174205,1,13.0,1334.879
2020s,hd 183579,1,3.49,20.4
2020s,hd 18438,1,12.1,6674.397
2020s,hd 185283,1,13.6,413.177
2020s,hd 18599,1,2.6,24.1
2020s,hd 188641,1,11.9,9333.031
2020s,hd 190007,1,4.06,15.5
2020s,hd 190228,1,12.9,1598.677
2020s,hd 194490,1,12.4,3561.903
2020s,hd 196067,1,3.21,10.4
2020s,hd 19615,1,12.6,2701.541
2020s,hd 199509,1,7.43,43.225
2020s,hd 20329,1,1.72,7.42
2020s,hd 204313,1,12.2,4868.178
2020s,hd 205158,1,13.9,124.589
2020s,hd 207496,1,2.25,6.1
2020s,hd 207897,1,2.343,14.8
2020s,hd 20794,1,2.28,5.82
2020s,hd 211403,1,12.8,1760.769
2020s,hd 213472,1,13.1,1112.399
2020s,hd 213519,1,2.99,9.217
2020s,hd 21520,1,2.697,17.7
2020s,hd 217786,1,2.61,7.31
2020s,hd 217958,1,14.2,166.542
2020s,hd 219139,1,14.0,247.906
2020s,hd 222237,1,12.8,1649.529
2020s,hd 22496,1,2.22,5.57
2020s,hd 22532,1,13.4,673.796
2020s,hd 23079,1,2.8,8.26
2020s,hd 235088,1,1.982,4.15
2020s,hd 238090,1,2.52,6.89
2020s,hd 24040,1,9.35,63.884
2020s,hd 25723,1,13.3,794.571
2020s,hd 26161,1,11.9,9045.396
2020s,hd 27969,1,12.9,1525.576
2020s,hd 28185,1,12.1,6241.832
2020s,hd 28192,1,12.2,99.798
2020s,hd 29399,1,13.5,498.991
2020s,hd 29985,1,12.8,1739.475
2020s,hd 307842,1,1.93,9.67
2020s,hd 3167,1,2.83,8.41
2020s,hd 331093,1,13.6,476.743
2020s,hd 33142,1,9.32,63.566
2020s,hd 332231,1,9.073,74.1
2020s,hd 360,1,14.0,238.371
2020s,hd 36384,1,12.7,2097.667
2020s,hd 3765,1,8.56,54.984
2020s,hd 39091,1,3.72,13.38
2020s,hd 43197,1,12.6,2500.674
2020s,hd 457,1,11.9,8445.336
2020s,hd 4760,1,12.3,4417.837
2020s,hd 56414,1,3.71,13.3
2020s,hd 56957,1,12.8,1880.909
2020s,hd 60292,1,12.7,2065.895
2020s,hd 6061,1,2.428,10.0
2020s,hd 62549,1,12.6,2707.58
2020s,hd 64121,1,13.2,813.641
2020s,hd 66428,1,13.5,560.649
2020s,hd 6860,1,11.9,8981.831
2020s,hd 68988,1,12.2,4776.961
2020s,hd 69123,1,13.1,982.09
2020s,hd 72659,1,12.1,6165.871
2020s,hd 73256,1,12.2,5085.255
2020s,hd 73267,1,12.8,1630.778
2020s,hd 75302,1,12.8,1716.273
2020s,hd 75898,1,12.6,2698.363
2020s,hd 77946,1,2.896,10.9
2020s,hd 79181,1,14.1,203.41
2020s,hd 80869,1,12.8,1609.801
2020s,hd 80883,1,12.8,1748.056
2020s,hd 80913,1,12.0,7505.2
2020s,hd 83443,1,13.6,476.743
2020s,hd 86065,1,12.5,2877.301
2020s,hd 86226,1,2.16,7.25
2020s,hd 86728,1,3.03,9.43
2020s,hd 88072,1,12.6,2511.798
2020s,hd 88986,1,2.49,17.2
2020s,hd 89839,1,12.9,1592.32
2020s,hd 94771,1,14.2,169.0
2020s,hd 95338,1,4.272,42.44
2020s,hd 95544,1,12.8,1913.645
2020s,hd 96992,1,13.7,362.326
2020s,hd 97037,1,12.1,6707.769
2020s,hd 99283,1,13.8,308.294
2020s,hd 99492,1,4.42,17.9
2020s,hip 107772,1,3.64,12.9
2020s,hip 114933,1,13.4,616.587
2020s,hip 18606,1,14.0,244.728
2020s,hip 19976,1,4.94,21.612
2020s,hip 21152,1,12.0,7627.882
2020s,hip 34222,1,13.9,263.798
2020s,hip 35965,1,12.6,2589.984
2020s,hip 39017,1,12.0,7500.75
2020s,hip 41378,1,2.54,7.0
2020s,hip 4845,1,3.89,14.4
2020s,hip 48714,1,5.11,22.9
2020s,hip 54515,1,12.2,5625.563
2020s,hip 54597,1,13.3,762.788
2020s,hip 55507,1,12.6,2585.534
2020s,hip 56640,1,12.7,2151.698
2020s,hip 5763,1,14.2,162.092
2020s,hip 65 a,1,22.754,1021.188
2020s,hip 66074,1,12.9,1589.142
2020s,hip 75092,1,13.5,568.913
2020s,hip 77900,1,12.1,6674.397
2020s,hip 81208 c,1,12.3,4703.86
2020s,hip 8541,1,13.9,255.534
2020s,hip 86221,1,14.0,225.658
2020s,hip 90988,1,13.4,668.075
2020s,hip 94235,1,3.0,379.0
2020s,hip 948,1,12.1,6547.265
2020s,hip 99770,1,12.2,5117.037
2020s,hn lib,1,2.2,5.46
2020s,hs psc,1,13.6,464.029
2020s,iot dra,1,12.2,4958.123
2020s,iras 04125+2902,1,10.738,80.8
2020s,itg 15 a,1,12.1,6674.397
2020s,k2-111,1,3.33,11.08
2020s,k2-138,1,3.013,4.32
2020s,k2-2016-blg-0005l,1,13.7,349.611
2020s,k2-315,1,0.95,0.809
2020s,k2-317,1,2.93,8.91
2020s,k2-318,1,1.66,3.39
2020s,k2-319,1,2.79,8.2
2020s,k2-320,1,2.62,7.37
2020s,k2-321,1,2.051,4.86
2020s,k2-322,1,1.92,4.35
2020s,k2-323,1,2.1,5.06
2020s,k2-324,1,2.43,6.48
2020s,k2-325,1,2.2,5.48
2020s,k2-326,1,2.28,5.82
2020s,k2-329,1,8.676,82.636
2020s,k2-330,1,2.77,8.1
2020s,k2-332,1,2.2,5.48
2020s,k2-333,1,6.18,31.6
2020s,k2-334,1,5.65,27.2
2020s,k2-335,1,2.21,5.52
2020s,k2-336,1,1.22,1.98
2020s,k2-337,1,2.62,7.37
2020s,k2-338,1,1.03,1.08
2020s,k2-339,1,1.92,4.35
2020s,k2-340,1,3.36,11.2
2020s,k2-341,1,3.21,10.4
2020s,k2-342,1,2.03,4.78
2020s,k2-344,1,1.59,3.15
2020s,k2-345,1,2.11,5.1
2020s,k2-346,1,2.26,5.73
2020s,k2-347,1,2.41,6.39
2020s,k2-349,1,1.38,2.48
2020s,k2-350,1,1.54,2.99
2020s,k2-351,1,2.54,6.99
2020s,k2-353,1,5.55,26.3
2020s,k2-354,1,1.56,3.05
2020s,k2-355,1,2.25,5.69
2020s,k2-356,1,2.29,5.86
2020s,k2-357,1,3.72,13.4
2020s,k2-358,1,2.68,7.65
2020s,k2-365,1,2.906,8.78
2020s,k2-366,1,2.359,6.16
2020s,k2-367,1,2.413,6.41
2020s,k2-369,1,1.313,2.28
2020s,k2-370,1,3.207,10.4
2020s,k2-371,1,13.024,
2020s,k2-372,1,2.945,8.98
2020s,k2-373,1,2.061,4.9
2020s,k2-375,1,2.243,5.66
2020s,k2-376,1,1.736,3.66
2020s,k2-377,1,1.693,3.51
2020s,k2-378,1,2.88,8.65
2020s,k2-379,1,2.181,5.4
2020s,k2-380,1,2.729,7.89
2020s,k2-382,1,2.072,4.95
2020s,k2-383,1,1.564,3.07
2020s,k2-385,1,1.539,2.98
2020s,k2-386,1,2.32,5.99
2020s,k2-387,1,7.322,42.2
2020s,k2-388,1,3.9,14.5
2020s,k2-390,1,4.662,19.6
2020s,k2-391,1,1.371,2.45
2020s,k2-392,1,1.85,4.08
2020s,k2-393,1,2.352,6.13
2020s,k2-394,1,1.692,3.51
2020s,k2-397,1,2.417,6.42
2020s,k2-400,1,1.163,1.67
2020s,k2-401,1,2.262,5.74
2020s,k2-402,1,2.678,7.65
2020s,k2-403,1,5.333,24.6
2020s,k2-404,1,2.53,6.94
2020s,k2-405,1,4.569,18.9
2020s,k2-406,1,4.602,19.2
2020s,k2-408,1,1.677,3.45
2020s,k2-409,1,2.482,6.72
2020s,k2-411,1,0.99,0.937
2020s,k2-412,1,2.116,5.13
2020s,k2-415,1,1.015,7.5
2020s,k2-416,1,2.66,1652.708
2020s,k2-417,1,3.31,699.222
2020s,k2-419 a,1,10.55,196.0
2020s,k2-73,1,13.0,1142.0
2020s,k2-99,1,12.6,2669.759
2020s,kepler-10,1,3.49,12.0
2020s,kepler-100,1,5.27,24.143
2020s,kepler-1001,1,1.578,3.11
2020s,kepler-1038,1,1.416,2.59
2020s,kepler-1052,1,2.3,5.9
2020s,kepler-1067,1,1.747,3.7
2020s,kepler-1073,1,1.488,2.82
2020s,kepler-1085,1,3.268,10.7
2020s,kepler-1090,1,3.293,10.9
2020s,kepler-1126,1,1.45,2.7
2020s,kepler-1162,1,1.81,3.93
2020s,kepler-1165,1,3.361,11.2
2020s,kepler-1181,1,1.83,4.01
2020s,kepler-1266,1,1.68,3.46
2020s,kepler-129,1,12.6,2637.976
2020s,kepler-1311,1,9.658,67.5
2020s,kepler-1312,1,1.027,1.07
2020s,kepler-1315,1,1.844,4.06
2020s,kepler-1321,1,2.628,7.41
2020s,kepler-1322,1,2.155,5.29
2020s,kepler-138,1,0.797,0.43
2020s,kepler-1468,1,3.332,11.1
2020s,kepler-1471,1,1.88,4.19
2020s,kepler-1487,1,7.97,48.7
2020s,kepler-1488,1,1.652,3.37
2020s,kepler-1489,1,0.51,0.087
2020s,kepler-1491,1,2.44,6.53
2020s,kepler-1513,1,11.0,84.542
2020s,kepler-1514,1,1.176,1.74
2020s,kepler-1518,1,2.9,8.75
2020s,kepler-1530,1,3.279,10.8
2020s,kepler-158,1,0.43,0.047
2020s,kepler-160,1,,100.0
2020s,kepler-1600,1,1.942,4.43
2020s,kepler-1610,1,2.09,5.02
2020s,kepler-164,1,4.24,16.7
2020s,kepler-1649,1,1.06,1.2
2020s,kepler-1656,1,14.0,126.4
2020s,kepler-1660 a,1,12.9,1586.599
2020s,kepler-1661,1,3.87,17.0
2020s,kepler-1663,1,3.304,10.9
2020s,kepler-1664,1,3.033,9.45
2020s,kepler-1665,1,2.839,8.44
2020s,kepler-1667,1,2.984,9.19
2020s,kepler-1668,1,4.348,17.4
2020s,kepler-1670,1,3.356,11.2
2020s,kepler-1671,1,1.326,2.32
2020s,kepler-1672,1,2.97,9.11
2020s,kepler-1673,1,2.936,8.93
2020s,kepler-1674,1,3.206,10.4
2020s,kepler-1675,1,3.125,9.93
2020s,kepler-1676,1,3.377,11.3
2020s,kepler-1677,1,2.702,7.76
2020s,kepler-1678,1,3.304,10.9
2020s,kepler-1679,1,2.069,4.93
2020s,kepler-1680,1,1.36,2.42
2020s,kepler-1681,1,2.553,7.05
2020s,kepler-1682,1,2.889,8.7
2020s,kepler-1683,1,1.875,4.17
2020s,kepler-1684,1,2.871,8.6
2020s,kepler-1685,1,2.577,7.16
2020s,kepler-1686,1,1.426,2.62
2020s,kepler-1687,1,1.656,3.38
2020s,kepler-1688,1,1.262,2.13
2020s,kepler-1689,1,0.947,0.799
2020s,kepler-1690,1,2.811,8.3
2020s,kepler-1691,1,1.835,4.02
2020s,kepler-1692,1,1.112,1.42
2020s,kepler-1694,1,1.18,1.76
2020s,kepler-1695,1,1.119,1.46
2020s,kepler-1696,1,2.81,8.29
2020s,kepler-1697,1,1.26,2.12
2020s,kepler-1698,1,1.073,1.25
2020s,kepler-1699,1,1.567,3.08
2020s,kepler-1700,1,2.901,8.76
2020s,kepler-1701,1,2.222,5.57
2020s,kepler-1702,1,1.602,3.2
2020s,kepler-1708,1,9.96,1462.011
2020s,kepler-1709,1,3.124,9.93
2020s,kepler-1710,1,3.197,3.495
2020s,kepler-1711,1,1.923,4.36
2020s,kepler-1712,1,2.284,5.83
2020s,kepler-1713,1,1.717,3.59
2020s,kepler-1714,1,3.264,10.7
2020s,kepler-1715,1,4.14,16.0
2020s,kepler-1716,1,2.425,6.46
2020s,kepler-1717,1,2.989,9.21
2020s,kepler-1718,1,2.569,7.12
2020s,kepler-1719,1,3.95,14.8
2020s,kepler-1720,1,3.216,10.4
2020s,kepler-1721,1,3.119,9.9
2020s,kepler-1722,1,2.867,8.58
2020s,kepler-1723,1,2.88,8.65
2020s,kepler-1724,1,2.837,8.43
2020s,kepler-1725,1,2.813,8.31
2020s,kepler-1726,1,2.509,6.84
2020s,kepler-1727,1,3.173,10.2
2020s,kepler-1728,1,2.955,9.04
2020s,kepler-1729,1,3.894,14.4
2020s,kepler-1730,1,4.485,18.4
2020s,kepler-1731,1,2.933,8.92
2020s,kepler-1732,1,4.099,15.7
2020s,kepler-1733,1,3.636,12.8
2020s,kepler-1734,1,3.089,9.74
2020s,kepler-1735,1,1.194,1.84
2020s,kepler-1736,1,3.877,14.3
2020s,kepler-1737,1,5.395,25.1
2020s,kepler-1738,1,2.825,8.37
2020s,kepler-1739,1,2.431,6.48
2020s,kepler-1740,1,3.323,11.0
2020s,kepler-1741,1,1.273,2.16
2020s,kepler-1742,1,2.178,5.38
2020s,kepler-1743,1,1.599,3.18
2020s,kepler-1744,1,3.768,13.6
2020s,kepler-1745,1,1.929,4.38
2020s,kepler-1746,1,8.935,59.1
2020s,kepler-1747,1,4.265,16.8
2020s,kepler-1748,1,2.713,7.81
2020s,kepler-1749,1,1.613,3.23
2020s,kepler-1750,1,6.004,30.1
2020s,kepler-1751,1,1.824,3.98
2020s,kepler-1752,1,4.541,18.7
2020s,kepler-1753,1,2.227,5.59
2020s,kepler-1754,1,2.44,6.53
2020s,kepler-1755,1,5.917,29.4
2020s,kepler-1756,1,1.472,2.77
2020s,kepler-1757,1,2.947,8.99
2020s,kepler-1758,1,2.571,7.13
2020s,kepler-1759,1,0.904,0.676
2020s,kepler-1760,1,2.29,5.86
2020s,kepler-1761,1,1.391,2.51
2020s,kepler-1762,1,2.76,8.05
2020s,kepler-1763,1,1.147,1.59
2020s,kepler-1764,1,4.555,18.8
2020s,kepler-1765,1,2.495,6.78
2020s,kepler-1766,1,2.279,5.81
2020s,kepler-1767,1,3.013,9.34
2020s,kepler-1768,1,2.233,5.62
2020s,kepler-1769,1,4.465,18.2
2020s,kepler-1770,1,2.841,8.45
2020s,kepler-1771,1,4.055,15.5
2020s,kepler-1772,1,2.686,7.68
2020s,kepler-1773,1,3.505,12.1
2020s,kepler-1774,1,3.182,10.2
2020s,kepler-1775,1,3.648,12.9
2020s,kepler-1776,1,2.612,7.33
2020s,kepler-1777,1,2.132,5.19
2020s,kepler-1778,1,3.017,9.36
2020s,kepler-1779,1,3.033,9.44
2020s,kepler-1780,1,3.606,12.7
2020s,kepler-1781,1,2.381,6.26
2020s,kepler-1782,1,2.229,5.6
2020s,kepler-1783,1,1.319,2.3
2020s,kepler-1784,1,2.799,8.24
2020s,kepler-1785,1,2.704,7.77
2020s,kepler-1786,1,3.163,10.1
2020s,kepler-1787,1,2.319,5.99
2020s,kepler-1788,1,2.379,6.25
2020s,kepler-1789,1,2.831,8.4
2020s,kepler-1790,1,3.145,10.0
2020s,kepler-1791,1,3.121,9.91
2020s,kepler-1792,1,2.52,6.89
2020s,kepler-1793,1,3.79,13.8
2020s,kepler-1794,1,1.794,3.87
2020s,kepler-1795,1,1.663,3.4
2020s,kepler-1796,1,2.75,8.0
2020s,kepler-1797,1,3.058,9.58
2020s,kepler-1798,1,2.309,5.94
2020s,kepler-1799,1,4.128,15.9
2020s,kepler-1800,1,0.997,0.961
2020s,kepler-1804,1,1.596,3.18
2020s,kepler-1805,1,1.545,3.0
2020s,kepler-1806,1,2.356,6.15
2020s,kepler-1807,1,2.704,7.77
2020s,kepler-1808,1,3.025,9.4
2020s,kepler-1809,1,1.513,2.9
2020s,kepler-1810,1,3.918,14.6
2020s,kepler-1811,1,3.848,14.1
2020s,kepler-1812,1,2.325,6.01
2020s,kepler-1813,1,1.413,2.58
2020s,kepler-1815,1,2.749,7.99
2020s,kepler-1816,1,1.968,4.53
2020s,kepler-1817,1,2.273,5.79
2020s,kepler-1818,1,1.714,3.58
2020s,kepler-1819,1,3.904,14.5
2020s,kepler-1820,1,3.119,9.9
2020s,kepler-1821,1,2.592,7.24
2020s,kepler-1822,1,2.648,7.5
2020s,kepler-1823,1,2.086,5.0
2020s,kepler-1824,1,2.381,6.26
2020s,kepler-1825,1,1.422,2.61
2020s,kepler-1826,1,1.475,2.78
2020s,kepler-1827,1,1.856,4.1
2020s,kepler-1828,1,2.116,5.13
2020s,kepler-1829,1,2.479,6.71
2020s,kepler-1830,1,3.33,11.1
2020s,kepler-1831,1,1.97,4.54
2020s,kepler-1832,1,1.227,2.02
2020s,kepler-1833,1,1.3,2.24
2020s,kepler-1835,1,3.534,12.2
2020s,kepler-1836,1,2.553,7.05
2020s,kepler-1837,1,2.067,4.92
2020s,kepler-1838,1,1.66,3.4
2020s,kepler-1839,1,1.949,4.46
2020s,kepler-1840,1,2.778,8.13
2020s,kepler-1841,1,1.489,2.82
2020s,kepler-1842,1,2.354,6.14
2020s,kepler-1843,1,2.709,7.8
2020s,kepler-1844,1,3.036,9.46
2020s,kepler-1845,1,2.438,6.52
2020s,kepler-1846,1,1.764,3.76
2020s,kepler-1847,1,2.745,7.97
2020s,kepler-1848,1,1.409,2.57
2020s,kepler-1849,1,2.387,6.29
2020s,kepler-1850,1,0.729,0.313
2020s,kepler-1851,1,3.9,14.5
2020s,kepler-1852,1,1.886,4.22
2020s,kepler-1853,1,1.519,2.92
2020s,kepler-1854,1,2.587,7.21
2020s,kepler-1855,1,1.216,1.96
2020s,kepler-1856,1,1.734,3.66
2020s,kepler-1857,1,1.961,4.5
2020s,kepler-1858,1,2.422,6.44
2020s,kepler-1860,1,1.139,1.55
2020s,kepler-1861,1,2.207,5.5
2020s,kepler-1862,1,2.203,5.49
2020s,kepler-1863,1,2.263,5.74
2020s,kepler-1864,1,0.754,0.353
2020s,kepler-1865,1,1.577,3.11
2020s,kepler-1866,1,2.082,4.99
2020s,kepler-1867,1,1.16,1.65
2020s,kepler-1868,1,3.15,10.1
2020s,kepler-1870,1,2.101,5.07
2020s,kepler-1871,1,2.422,6.44
2020s,kepler-1872,1,2.384,6.28
2020s,kepler-1873,1,1.626,3.28
2020s,kepler-1874,1,2.211,5.52
2020s,kepler-1875,1,3.227,10.5
2020s,kepler-1876,1,0.853,2.4
2020s,kepler-1877,1,0.624,0.179
2020s,kepler-1878,1,2.92,8.86
2020s,kepler-1879,1,2.065,4.92
2020s,kepler-1880,1,2.117,5.13
2020s,kepler-1881,1,2.981,9.17
2020s,kepler-1882,1,1.487,2.81
2020s,kepler-1883,1,3.251,10.6
2020s,kepler-1884,1,1.814,3.95
2020s,kepler-1885,1,1.511,2.89
2020s,kepler-1886,1,2.582,7.18
2020s,kepler-1887,1,2.925,8.88
2020s,kepler-1888,1,1.326,2.32
2020s,kepler-1889,1,2.944,8.98
2020s,kepler-1890,1,0.869,0.587
2020s,kepler-1891,1,1.521,2.93
2020s,kepler-1892,1,1.837,4.03
2020s,kepler-1893,1,1.706,3.55
2020s,kepler-1895,1,2.119,5.14
2020s,kepler-1896,1,3.099,9.8
2020s,kepler-1897,1,2.814,8.32
2020s,kepler-1898,1,0.934,0.76
2020s,kepler-1899,1,1.551,3.02
2020s,kepler-1900,1,1.623,3.27
2020s,kepler-1901,1,1.474,2.77
2020s,kepler-1902,1,1.176,1.74
2020s,kepler-1903,1,2.286,5.85
2020s,kepler-1904,1,1.39,2.51
2020s,kepler-1905,1,1.446,2.69
2020s,kepler-1906,1,2.776,8.13
2020s,kepler-1909,1,1.092,1.33
2020s,kepler-1910,1,1.184,1.78
2020s,kepler-1911,1,1.011,1.01
2020s,kepler-1912,1,1.357,2.41
2020s,kepler-1913,1,1.519,2.92
2020s,kepler-1914,1,2.943,8.97
2020s,kepler-1915,1,3.218,10.4
2020s,kepler-1916,1,2.618,7.35
2020s,kepler-1917,1,1.89,4.23
2020s,kepler-1918,1,2.298,5.89
2020s,kepler-1919,1,2.624,7.38
2020s,kepler-1920,1,2.954,9.03
2020s,kepler-1922,1,2.291,5.86
2020s,kepler-1923,1,1.96,4.5
2020s,kepler-1924,1,2.654,7.53
2020s,kepler-1925,1,3.002,9.28
2020s,kepler-1926,1,2.315,5.97
2020s,kepler-1927,1,3.406,11.5
2020s,kepler-1928,1,1.992,4.63
2020s,kepler-1929,1,3.073,9.65
2020s,kepler-1930,1,1.53,2.95
2020s,kepler-1931,1,2.653,7.53
2020s,kepler-1932,1,1.515,2.91
2020s,kepler-1933,1,1.18,1.76
2020s,kepler-1934,1,0.913,0.702
2020s,kepler-1935,1,2.503,6.82
2020s,kepler-1936,1,3.166,10.2
2020s,kepler-1937,1,3.023,9.39
2020s,kepler-1938,1,1.828,4.0
2020s,kepler-1939,1,1.165,1.68
2020s,kepler-1940,1,1.547,3.01
2020s,kepler-1941,1,2.65,7.51
2020s,kepler-1942,1,2.117,5.13
2020s,kepler-1943,1,1.549,3.02
2020s,kepler-1944,1,2.76,8.05
2020s,kepler-1945,1,1.289,2.21
2020s,kepler-1946,1,2.488,6.75
2020s,kepler-1947,1,1.01,1.01
2020s,kepler-1948,1,1.033,1.09
2020s,kepler-1949,1,2.22,5.56
2020s,kepler-1950,1,1.527,2.95
2020s,kepler-1951,1,2.321,6.0
2020s,kepler-1952,1,1.239,2.07
2020s,kepler-1953,1,1.286,2.2
2020s,kepler-1954,1,1.802,3.9
2020s,kepler-1955,1,1.167,1.69
2020s,kepler-1956,1,1.089,1.32
2020s,kepler-1957,1,0.944,0.79
2020s,kepler-1958,1,2.051,4.86
2020s,kepler-1959,1,1.143,1.57
2020s,kepler-196,1,2.661,7.56
2020s,kepler-1960,1,1.307,2.26
2020s,kepler-1961,1,1.619,3.25
2020s,kepler-1962,1,1.215,1.95
2020s,kepler-1963,1,0.744,0.337
2020s,kepler-1964,1,1.781,3.83
2020s,kepler-1965,1,1.354,2.4
2020s,kepler-1966,1,1.105,1.39
2020s,kepler-1967,1,0.73,0.315
2020s,kepler-1968,1,1.5,2.86
2020s,kepler-1969,1,1.682,3.47
2020s,kepler-1976,1,12.21,
2020s,kepler-1977,1,1.66,3.39
2020s,kepler-1978,1,2.67,7.61
2020s,kepler-1979,1,29.33,
2020s,kepler-1980,1,2.21,5.52
2020s,kepler-1981,1,9.23,62.5
2020s,kepler-1982,1,0.77,0.381
2020s,kepler-1983,1,2.33,6.04
2020s,kepler-1984,1,6.81,37.3
2020s,kepler-1985,1,2.27,5.77
2020s,kepler-1986,1,1.89,4.23
2020s,kepler-1988,1,1.53,2.96
2020s,kepler-1989,1,4.62,19.3
2020s,kepler-1992,1,0.91,0.693
2020s,kepler-1993,1,4.15,16.1
2020s,kepler-1994,1,0.51,0.087
2020s,kepler-1995,1,4.28,16.9
2020s,kepler-1997,1,2.28,5.82
2020s,kepler-1998,1,0.6,0.156
2020s,kepler-1999,1,3.29,10.8
2020s,kepler-27,1,2.706,7.78
2020s,kepler-279,1,4.13,56.0
2020s,kepler-281,1,5.937,654.0
2020s,kepler-289,1,2.94,17.4
2020s,kepler-290,1,0.86,0.566
2020s,kepler-297,1,32.6,
2020s,kepler-305,1,1.794,3.87
2020s,kepler-311,1,2.05,4.86
2020s,kepler-347,1,3.04,9.48
2020s,kepler-352,1,0.806,0.449
2020s,kepler-381,1,1.067,1.23
2020s,kepler-385,1,2.619,7.36
2020s,kepler-394,1,1.501,2.86
2020s,kepler-416,1,1.61,3.22
2020s,kepler-418,1,5.221,23.7
2020s,kepler-454,1,13.3,734.184
2020s,kepler-462,1,4.0,6.0
2020s,kepler-48,1,13.8,298.581
2020s,kepler-487,1,2.775,8.12
2020s,kepler-495,1,1.219,1.98
2020s,kepler-501,1,1.681,3.47
2020s,kepler-51,1,2.18,5.4
2020s,kepler-511,1,4.21,16.5
2020s,kepler-529,1,2.795,8.22
2020s,kepler-534,1,1.227,2.02
2020s,kepler-549,1,4.2,16.4
2020s,kepler-58,1,1.61,597.796
2020s,kepler-589,1,1.117,1.45
2020s,kepler-595,1,1.009,3.3
2020s,kepler-598,1,3.024,9.4
2020s,kepler-607,1,2.76,8.05
2020s,kepler-616,1,2.653,7.52
2020s,kepler-619,1,4.17,16.2
2020s,kepler-633,1,2.296,5.89
2020s,kepler-647,1,4.001,15.1
2020s,kepler-656,1,1.41,2.57
2020s,kepler-68,1,11.2,86.449
2020s,kepler-716,1,1.393,2.52
2020s,kepler-725,1,3.08,9.7
2020s,kepler-783,1,2.332,6.04
2020s,kepler-784,1,1.55,3.02
2020s,kepler-799,1,2.781,8.15
2020s,kepler-864,1,1.62,3.26
2020s,kepler-865,1,0.89,0.64
2020s,kepler-879,1,0.4,0.036
2020s,kepler-880,1,2.87,8.6
2020s,kepler-896,1,3.15,10.1
2020s,kepler-913,1,3.858,14.2
2020s,kepler-949,1,2.97,9.11
2020s,kepler-963,1,0.6,0.156
2020s,kepler-968,1,2.58,11.02
2020s,kepler-975,1,10.69,80.2
2020s,kic 10068024,1,13.4,635.657
2020s,kic 3526061,1,12.1,5768.586
2020s,kic 5479689,1,14.2,158.914
2020s,kic 8121913,1,13.4,667.44
2020s,kmt-2016-blg-1105l,1,1.33,2.32
2020s,kmt-2016-blg-2321l,1,13.8,301.937
2020s,kmt-2016-blg-2364l,1,13.0,1250.0
2020s,kmt-2016-blg-2397l,1,13.2,836.0
2020s,kmt-2016-blg-2605l,1,14.0,245.046
2020s,kmt-2017-blg-0428l,1,2.23,5.59
2020s,kmt-2017-blg-0673l,1,13.0,1166.43
2020s,kmt-2017-blg-0849l,1,2.41,6.39
2020s,kmt-2017-blg-1003l,1,2.13,5.19
2020s,kmt-2017-blg-1057l,1,5.19,23.5
2020s,kmt-2017-blg-1194l,1,1.7,3.54
2020s,kmt-2017-blg-2197l,1,12.5,2809.603
2020s,kmt-2017-blg-2331l,1,14.2,171.0
2020s,kmt-2017-blg-2509l,1,13.4,664.261
2020s,kmt-2018-blg-0029l,1,2.67,7.59
2020s,kmt-2018-blg-0030l,1,13.6,460.851
2020s,kmt-2018-blg-0087l,1,10.1,73.101
2020s,kmt-2018-blg-0247l,1,13.4,670.618
2020s,kmt-2018-blg-0748l,1,9.01,60.0
2020s,kmt-2018-blg-0885l,1,11.9,9217.024
2020s,kmt-2018-blg-1025l,1,2.34,6.059
2020s,kmt-2018-blg-1292l,1,12.9,1400.0
2020s,kmt-2018-blg-1743l,1,10.5,77.868
2020s,kmt-2018-blg-1976l,1,13.3,705.579
2020s,kmt-2018-blg-1988l,1,2.22,5.56
2020s,kmt-2018-blg-1996l,1,13.7,346.433
2020s,kmt-2018-blg-2602l,1,13.7,365.503
2020s,kmt-2019-blg-0253l,1,2.99,9.2
2020s,kmt-2019-blg-0297l,1,12.1,6038.74
2020s,kmt-2019-blg-0298l,1,13.4,575.269
2020s,kmt-2019-blg-0335l,1,12.1,6674.397
2020s,kmt-2019-blg-0371l,1,12.6,2447.279
2020s,kmt-2019-blg-0414l,1,12.9,1452.476
2020s,kmt-2019-blg-0578l,1,13.7,381.394
2020s,kmt-2019-blg-0842l,1,3.19,10.28
2020s,kmt-2019-blg-0953l,1,4.06,15.5
2020s,kmt-2019-blg-1042l,1,9.05,60.387
2020s,kmt-2019-blg-1216l,1,5.98,29.876
2020s,kmt-2019-blg-1339l,1,13.7,397.0
2020s,kmt-2019-blg-1367l,1,1.85,4.08
2020s,kmt-2019-blg-1552l,1,13.0,1287.205
2020s,kmt-2019-blg-1715l,1,13.2,813.641
2020s,kmt-2019-blg-1806l,1,2.0,4.67
2020s,kmt-2019-blg-1953l,1,14.1,200.0
2020s,kmt-2019-blg-2783l,1,13.7,368.681
2020s,kmt-2019-blg-2974l,1,11.4,88.992
2020s,kmt-2021-blg-0119l,1,12.8,1754.413
2020s,kmt-2021-blg-0171l,1,3.35,11.2
2020s,kmt-2021-blg-0192l,1,6.56,34.961
2020s,kmt-2021-blg-0240l,1,9.6,66.744
2020s,kmt-2021-blg-0320l,1,6.2,31.783
2020s,kmt-2021-blg-0322l,1,12.7,2034.102
2020s,kmt-2021-blg-0712l,1,6.91,38.19
2020s,kmt-2021-blg-0736l,1,4.86,21.0
2020s,kmt-2021-blg-0748l,1,14.3,143.023
2020s,kmt-2021-blg-0909l,1,13.7,400.464
2020s,kmt-2021-blg-0912l,1,1.49,2.81
2020s,kmt-2021-blg-1105l,1,13.6,413.177
2020s,kmt-2021-blg-1150l,1,13.9,279.689
2020s,kmt-2021-blg-1253l,1,4.59,19.05
2020s,kmt-2021-blg-1303l,1,13.6,120.775
2020s,kmt-2021-blg-1372l,1,9.12,61.27
2020s,kmt-2021-blg-1391l,1,1.97,4.55
2020s,kmt-2021-blg-1547l,1,13.6,467.208
2020s,kmt-2021-blg-1554l,1,6.9,38.139
2020s,kmt-2021-blg-1689l,1,7.71,46.0
2020s,kmt-2021-blg-1770l,1,12.1,6674.397
2020s,kmt-2021-blg-1898l,1,14.0,232.015
2020s,kmt-2021-blg-2010l,1,13.8,340.076
2020s,kmt-2021-blg-2294l,1,5.02,22.248
2020s,kmt-2021-blg-2478l,1,13.9,286.046
2020s,kmt-2021-blg-2609l,1,3.17,10.171
2020s,kmt-2022-blg-0303l,1,14.2,163.046
2020s,kmt-2022-blg-0371l,1,10.9,82.635
2020s,kmt-2022-blg-0440l,1,4.05,15.4
2020s,kmt-2022-blg-1013l,1,12.1,98.527
2020s,kmt-2022-blg-1790l,1,13.5,549.843
2020s,kmt-2022-blg-2076l,1,13.9,279.689
2020s,kmt-2022-blg-2286l,1,12.1,6038.74
2020s,kmt-2023-blg-0119l,1,11.0,83.7
2020s,kmt-2023-blg-0416l,1,3.67,13.031
2020s,kmt-2023-blg-0469l,1,7.04,39.411
2020s,kmt-2023-blg-0548l,1,13.1,1086.973
2020s,kmt-2023-blg-0735l,1,6.97,38.775
2020s,kmt-2023-blg-0830l,1,4.41,17.798
2020s,kmt-2023-blg-0949l,1,12.8,1900.614
2020s,kmt-2023-blg-1431l,1,3.76,13.6
2020s,kmt-2023-blg-1454l,1,14.1,200.232
2020s,kmt-2023-blg-1642l,1,13.8,343.255
2020s,kmt-2023-blg-1743l,1,12.1,6356.568
2020s,kmt-2023-blg-1866l,1,1.43,2.63
2020s,kmt-2023-blg-1896l,1,4.19,16.35
2020s,kmt-2023-blg-2209l,1,13.9,254.263
2020s,kmt-2024-blg-1005l,1,12.1,6674.397
2020s,kmt-2024-blg-1044l,1,2.7,7.75
2020s,kmt-2024-blg-1209l,1,13.2,839.067
2020s,kmt-2024-blg-1281l,1,4.59,19.07
2020s,kmt-2024-blg-2059l,1,2.54,6.992
2020s,kmt-2024-blg-2242l,1,3.82,13.984
2020s,koi-142,1,13.1,965.147
2020s,koi-2513,1,2.802,7310.053
2020s,koi-4777,1,0.51,99.2
2020s,koi-4978,1,0.7,0.271
2020s,koi-7368,1,2.22,5.56
2020s,koi-7892,1,2.985,9.19
2020s,koi-7913 a,1,2.34,6.08
2020s,l 168-9,1,1.63,4.07
2020s,l 363-38,1,2.0,4.67
2020s,lhs 1478,1,1.242,2.33
2020s,lhs 1815,1,1.088,1.58
2020s,lhs 3154,1,3.69,13.15
2020s,lhs 475,1,0.991,0.941
2020s,lp 714-47,1,4.7,30.8
2020s,lp 791-18,1,1.032,0.9
2020s,ltt 1445 a,1,1.147,1.54
2020s,ltt 9779,1,4.72,29.32
2020s,m62h,1,,785.036
2020s,mascara-4,1,16.982,532.363
2020s,moa-2016-blg-526l,1,3.97,14.938
2020s,moa-2019-blg-008l,1,12.2,5720.911
2020s,moa-2020-blg-135l,1,3.37,11.3
2020s,moa-2020-blg-208l,1,7.71,46.0
2020s,moa-2022-blg-033l,1,3.52,12.15
2020s,moa-2022-blg-091l,1,13.0,1141.004
2020s,moa-2022-blg-249l,1,2.04,4.83
2020s,moa-2022-blg-563l,1,14.0,127.131
2020s,mu2 sco,1,12.3,4576.729
2020s,mwc 758,1,,
2020s,ngc 2682 sand 1429,1,13.4,572.091
2020s,ngts-10,1,13.507,687.148
2020s,ngts-11,1,9.158,109.334
2020s,ngts-12,1,11.747,66.109
2020s,ngts-13,1,12.801,1538.297
2020s,ngts-14 a,1,4.977,29.24
2020s,ngts-15,1,12.33,238.689
2020s,ngts-16,1,14.572,211.992
2020s,ngts-17,1,13.899,242.821
2020s,ngts-18,1,13.563,129.992
2020s,ngts-20,1,11.994,947.129
2020s,ngts-21,1,14.908,750.075
2020s,ngts-23,1,14.202,194.829
2020s,ngts-24,1,13.608,165.271
2020s,ngts-25,1,11.467,203.092
2020s,ngts-26,1,14.886,92.806
2020s,ngts-27,1,15.648,188.472
2020s,ngts-30,1,10.402,305.115
2020s,ngts-31,1,18.046,355.968
2020s,ngts-32,1,15.917,181.162
2020s,ngts-33,1,18.383,1153.717
2020s,ngts-34,1,3.65,19.1
2020s,ngts-35,1,10.9,152.0
2020s,ogle-2006-blg-284l a,1,14.3,144.0
2020s,ogle-2012-blg-0838l,1,8.39,53.1
2020s,ogle-2014-blg-0221l,1,12.9,1382.554
2020s,ogle-2014-blg-0319l,1,14.1,181.162
2020s,ogle-2015-blg-1609l,1,10.4,76.279
2020s,ogle-2015-blg-1771l,1,14.3,138.0
2020s,ogle-2016-blg-0007l,1,1.09,1.32
2020s,ogle-2016-blg-1093l,1,14.0,225.658
2020s,ogle-2016-blg-1227l,1,13.9,250.0
2020s,ogle-2016-blg-1598l,1,13.6,120.775
2020s,ogle-2016-blg-1800l,1,13.2,823.176
2020s,ogle-2017-blg-0364l,1,10.3,75.8
2020s,ogle-2017-blg-0406l,1,14.2,130.0
2020s,ogle-2017-blg-0448l,1,4.08,15.6
2020s,ogle-2017-blg-0604l,1,14.2,160.0
2020s,ogle-2017-blg-0640l,1,13.5,514.882
2020s,ogle-2017-blg-1049l,1,12.8,1760.0
2020s,ogle-2017-blg-1099l,1,13.1,959.842
2020s,ogle-2017-blg-1237l,1,13.0,1207.748
2020s,ogle-2017-blg-1275l,1,12.8,1875.188
2020s,ogle-2017-blg-1375l,1,12.4,3585.0
2020s,ogle-2017-blg-1691l,1,3.92,14.62
2020s,ogle-2017-blg-1806l,1,2.15,5.27
2020s,ogle-2018-blg-0298l,1,7.56,44.496
2020s,ogle-2018-blg-0383l,1,2.41,6.4
2020s,ogle-2018-blg-0506l,1,4.18,16.3
2020s,ogle-2018-blg-0516l,1,4.73,20.1
2020s,ogle-2018-blg-0532l,1,2.37,6.228
2020s,ogle-2018-blg-0567l,1,12.3,101.705
2020s,ogle-2018-blg-0677l,1,1.82,3.96
2020s,ogle-2018-blg-0799l,1,10.9,82.635
2020s,ogle-2018-blg-0932l,1,13.9,282.867
2020s,ogle-2018-blg-0962l,1,13.6,425.89
2020s,ogle-2018-blg-0977l,1,2.41,6.4
2020s,ogle-2018-blg-1119l,1,13.9,289.224
2020s,ogle-2018-blg-1126l,1,4.41,17.798
2020s,ogle-2018-blg-1185l,1,2.83,8.4
2020s,ogle-2018-blg-1212l,1,9.32,63.566
2020s,ogle-2018-blg-1269l,1,14.1,210.0
2020s,ogle-2018-blg-1367l,1,13.8,301.937
2020s,ogle-2018-blg-1428l,1,14.0,240.0
2020s,ogle-2018-blg-1647l,1,13.8,308.294
2020s,ogle-2018-blg-1700l,1,12.9,1400.0
2020s,ogle-2019-blg-0249l,1,12.7,2262.938
2020s,ogle-2019-blg-0299l,1,12.7,1976.893
2020s,ogle-2019-blg-0304l,1,14.2,162.092
2020s,ogle-2019-blg-0362l,1,13.1,1036.121
2020s,ogle-2019-blg-0679l,1,13.1,1061.547
2020s,ogle-2019-blg-0954l,1,12.3,4513.163
2020s,ogle-2019-blg-0960l,1,1.39,2.5
2020s,ogle-2019-blg-1053l,1,1.38,2.48
2020s,ogle-2019-blg-1180l,1,13.5,555.246
2020s,ogle-2019-blg-1470l a,1,13.3,699.222
2020s,ogle-2019-blg-1492l,1,6.79,37.1
2020s,ogle-2023-blg-0836l,1,12.9,1385.732
2020s,proxima cen,1,0.692,0.26
2020s,pz tel,1,11.9,8581.367
2020s,ross 176,1,1.84,4.57
2020s,ross 508,1,1.83,4.0
2020s,speculoos-3,1,0.977,0.894
2020s,teegarden's star,1,0.954,0.82
2020s,tic 172900988 aa,1,11.25,942.0
2020s,tic 237913194,1,12.52,617.226
2020s,tic 241249530,1,13.294,1582.785
2020s,tic 257060897,1,17.262,201.503
2020s,tic 365102760,1,6.21,19.2
2020s,tic 393818343,1,12.184,1379.375
2020s,tic 46432937,1,13.316,1017.051
2020s,tic 4672985,1,11.5,4049.134
2020s,tic 88785435,1,5.03,22.3
2020s,toi-1011,1,1.45,4.04
2020s,toi-1075,1,1.791,9.95
2020s,toi-1107,1,14.572,1064.725
2020s,toi-1135,1,9.341,51.42
2020s,toi-1173,1,9.19,27.4
2020s,toi-1174,1,2.562,32.0
2020s,toi-1180,1,3.072,10.0
2020s,toi-1181,1,17.026,374.72
2020s,toi-1184,1,2.39,6.8
2020s,toi-1194,1,8.717,120.0
2020s,toi-1199,1,10.514,75.961
2020s,toi-1201,1,2.415,6.28
2020s,toi-122,1,2.72,7.85
2020s,toi-1221,1,2.91,1112.399
2020s,toi-1227,1,9.572,66.5
2020s,toi-1231,1,3.65,15.4
2020s,toi-1235,1,1.69,6.69
2020s,toi-1244,1,2.467,6.6
2020s,toi-1248,1,6.808,27.4
2020s,toi-1249,1,3.271,11.9
2020s,toi-125,1,2.93,13.6
2020s,toi-1259 a,1,11.456,140.162
2020s,toi-1268,1,9.1,96.4
2020s,toi-1269,1,2.401,6.4
2020s,toi-1273,1,11.097,70.558
2020s,toi-1278,1,12.218,5879.826
2020s,toi-1279,1,2.661,10.6
2020s,toi-128,1,2.219,5.56
2020s,toi-1295,1,15.693,451.316
2020s,toi-1296,1,14.116,95.3
2020s,toi-1298,1,9.658,99.0
2020s,toi-1301,1,2.477,6.7
2020s,toi-132,1,3.42,22.4
2020s,toi-1333,1,15.648,753.257
2020s,toi-139,1,2.457,6.6
2020s,toi-1411,1,1.199,2.0
2020s,toi-1416,1,1.62,3.48
2020s,toi-1420,1,11.89,25.1
2020s,toi-1431,1,16.701,991.625
2020s,toi-1437,1,2.24,9.6
2020s,toi-1439,1,4.243,38.5
2020s,toi-1442,1,1.17,1.71
2020s,toi-1443,1,2.304,30.0
2020s,toi-1444,1,1.418,3.58
2020s,toi-1448,1,2.749,19.5
2020s,toi-1451,1,2.611,15.2
2020s,toi-1452,1,1.672,4.82
2020s,toi-1467,1,1.92,9.0
2020s,toi-1478,1,11.994,279.689
2020s,toi-1516,1,15.244,1004.338
2020s,toi-1518,1,21.017,731.005
2020s,toi-157,1,14.415,375.039
2020s,toi-1601,1,14.199,387.0
2020s,toi-1630,1,2.417,6.42
2020s,toi-1648,1,2.54,7.4
2020s,toi-1659,1,2.255,5.71
2020s,toi-1680,1,1.466,2.75
2020s,toi-1683,1,2.638,7.45
2020s,toi-1685,1,1.421,3.07
2020s,toi-169,1,12.173,251.404
2020s,toi-1691,1,3.66,14.6
2020s,toi-1693,1,1.41,2.57
2020s,toi-1695,1,1.9,6.36
2020s,toi-1696,1,3.09,48.8
2020s,toi-1710,1,5.203,22.4
2020s,toi-1716,1,3.143,10.0
2020s,toi-1723,1,3.435,10.4
2020s,toi-1728,1,5.05,26.78
2020s,toi-1739,1,1.946,4.45
2020s,toi-1742,1,2.365,9.7
2020s,toi-1743,1,1.83,4.01
2020s,toi-1744,1,2.68,7.65
2020s,toi-1751,1,2.951,19.5
2020s,toi-1753,1,2.479,16.6
2020s,toi-1758,1,3.62,6.9
2020s,toi-1759,1,3.14,10.8
2020s,toi-1768,1,3.453,11.8
2020s,toi-1772,1,2.905,8.78
2020s,toi-1775,1,8.047,96.0
2020s,toi-1776,1,1.216,1.4
2020s,toi-1777,1,2.246,5.67
2020s,toi-1789,1,16.141,222.48
2020s,toi-1794,1,3.297,8.7
2020s,toi-1799,1,1.642,4.0
2020s,toi-1801,1,2.079,5.738
2020s,toi-1806,1,3.41,11.5
2020s,toi-1807,1,1.497,2.44
2020s,toi-181,1,6.956,46.169
2020s,toi-1811,1,11.142,308.929
2020s,toi-1820,1,12.778,731.005
2020s,toi-1823,1,7.541,67.4
2020s,toi-1824,1,2.744,16.0
2020s,toi-1842,1,12.349,89.4
2020s,toi-1846,1,1.792,3.87
2020s,toi-1853,1,3.46,73.2
2020s,toi-1855,1,18.495,360.1
2020s,toi-1859,1,9.752,68.6
2020s,toi-1860,1,1.31,2.27
2020s,toi-1883,1,5.65,27.2
2020s,toi-1898,1,9.396,129.0
2020s,toi-1899,1,11.097,212.945
2020s,toi-1937 a,1,13.978,638.835
2020s,toi-198,1,1.44,2.67
2020s,toi-1994,1,13.675,7024.008
2020s,toi-2005,1,11.994,2034.102
2020s,toi-2010,1,11.814,408.727
2020s,toi-2018,1,2.268,9.2
2020s,toi-2019,1,5.333,34.4
2020s,toi-2025,1,11.893,1144.182
2020s,toi-2031 a,1,14.202,254.263
2020s,toi-2046,1,16.141,731.005
2020s,toi-2048,1,2.61,7.32
2020s,toi-206,1,1.3,2.24
2020s,toi-2068,1,1.821,3.97
2020s,toi-2081,1,2.04,4.82
2020s,toi-2084,1,2.47,6.66
2020s,toi-2088,1,3.683,37.0
2020s,toi-2107,1,13.574,263.798
2020s,toi-2109,1,15.098,1595.499
2020s,toi-2120,1,2.122,6.8
2020s,toi-2128,1,2.089,4.5
2020s,toi-2136,1,2.19,6.37
2020s,toi-2145,1,12.419,1767.0
2020s,toi-2152,1,14.359,899.454
2020s,toi-2154,1,16.287,292.402
2020s,toi-2158,1,10.761,260.619
2020s,toi-2169 a,1,12.509,329.588
2020s,toi-2180,1,11.321,875.617
2020s,toi-2184,1,11.4,206.588
2020s,toi-2193 a,1,19.84,298.759
2020s,toi-2194,1,1.989,4.61
2020s,toi-2196,1,3.51,26.0
2020s,toi-220,1,3.03,13.8
2020s,toi-2207,1,11.153,203.41
2020s,toi-2211,1,1.561,3.06
2020s,toi-2236,1,14.37,502.169
2020s,toi-2257,1,2.194,5.45
2020s,toi-2260,1,1.62,3.26
2020s,toi-2266,1,1.54,2.99
2020s,toi-2274,1,2.45,6.57
2020s,toi-2285,1,1.77,19.5
2020s,toi-2328,1,9.976,50.853
2020s,toi-2337,1,10.088,508.525
2020s,toi-2338,1,11.209,1900.614
2020s,toi-2346,1,16.119,394.107
2020s,toi-2364,1,8.608,71.511
2020s,toi-2368,1,10.839,206.588
2020s,toi-237,1,1.44,2.67
2020s,toi-2373,1,10.424,2955.804
2020s,toi-2374,1,6.81,56.64
2020s,toi-2379,1,11.725,1830.692
2020s,toi-2382,1,12.251,235.193
2020s,toi-2384,1,11.489,624.851
2020s,toi-2406,1,2.86,15.6
2020s,toi-2407,1,4.26,16.8
2020s,toi-2411,1,1.68,3.46
2020s,toi-2416,1,9.864,953.485
2020s,toi-2420,1,15.02,294.627
2020s,toi-2421,1,10.368,105.837
2020s,toi-2427,1,1.8,3.89
2020s,toi-244,1,1.52,2.68
2020s,toi-2443,1,2.363,4.8
2020s,toi-2445,1,1.25,2.1
2020s,toi-2447,1,9.606,124.907
2020s,toi-2449,1,11.24,222.0
2020s,toi-2459,1,2.953,9.03
2020s,toi-2485,1,12.139,766.602
2020s,toi-2497,1,11.142,1531.933
2020s,toi-2498,1,6.06,34.62
2020s,toi-251,1,2.74,317.83
2020s,toi-2524,1,11.209,203.41
2020s,toi-2529,1,11.545,743.718
2020s,toi-2545,1,2.75,8.0
2020s,toi-2567,1,10.929,63.884
2020s,toi-257,1,7.163,43.86
2020s,toi-2570,1,13.641,260.619
2020s,toi-2580,1,17.374,200.232
2020s,toi-2583 a,1,14.46,79.457
2020s,toi-2587 a,1,12.072,69.287
2020s,toi-2589,1,12.106,1112.399
2020s,toi-260,1,1.71,4.23
2020s,toi-261,1,3.045,9.51
2020s,toi-262,1,2.07,4.94
2020s,toi-2641,1,18.103,122.682
2020s,toi-2669,1,19.728,193.875
2020s,toi-269,1,2.77,8.8
2020s,toi-2714,1,13.72,228.0
2020s,toi-2719,1,5.98,29.9
2020s,toi-2768,1,2.63,7.41
2020s,toi-277,1,2.65,7.51
2020s,toi-2796,1,17.262,139.844
2020s,toi-2803 a,1,18.114,309.883
2020s,toi-2818,1,15.278,225.658
2020s,toi-283,1,2.34,6.54
2020s,toi-2842,1,12.845,117.597
2020s,toi-2876,1,9.64,54.031
2020s,toi-2886,1,18.641,444.96
2020s,toi-2969,1,12.33,368.681
2020s,toi-2977,1,13.159,533.952
2020s,toi-2981,1,13.4,638.0
2020s,toi-2986,1,9.292,96.62
2020s,toi-2989,1,12.554,953.485
2020s,toi-2992,1,13.753,1058.369
2020s,toi-3023,1,16.432,197.054
2020s,toi-3071,1,7.16,68.2
2020s,toi-3082,1,3.662,13.0
2020s,toi-3135,1,13.653,327.363
2020s,toi-3160 a,1,13.765,378.216
2020s,toi-3235,1,11.4,211.356
2020s,toi-3261,1,3.82,30.3
2020s,toi-3288,1,11.209,670.618
2020s,toi-329,1,4.941,40.4
2020s,toi-332,1,3.2,57.2
2020s,toi-3321,1,15.558,176.077
2020s,toi-333,1,4.26,20.1
2020s,toi-3331 a,1,12.98,721.47
2020s,toi-3353,1,2.667,7.59
2020s,toi-3362,1,12.801,1598.359
2020s,toi-3364,1,12.229,530.773
2020s,toi-3464,1,13.765,397.286
2020s,toi-3474,1,14.673,193.875
2020s,toi-3486,1,10.57,99.162
2020s,toi-3493,1,3.22,8.97
2020s,toi-3523 a,1,15.973,435.425
2020s,toi-3540 a,1,23.539,375.038
2020s,toi-3568,1,5.3,26.4
2020s,toi-3593,1,11.03,565.735
2020s,toi-3629,1,8.295,82.635
2020s,toi-3682,1,12.801,69.287
2020s,toi-3688 a,1,13.081,311.472
2020s,toi-3693,1,12.599,324.185
2020s,toi-3714,1,11.321,222.48
2020s,toi-3757,1,12.0,85.3
2020s,toi-3785,1,5.14,14.95
2020s,toi-3807,1,18.495,330.542
2020s,toi-3819,1,13.137,352.79
2020s,toi-3837,1,10.873,187.519
2020s,toi-3856,1,13.596,171.627
2020s,toi-3877,1,11.68,99.798
2020s,toi-3884,1,6.43,32.59
2020s,toi-3894,1,15.278,260.619
2020s,toi-3912,1,14.28,129.038
2020s,toi-3919,1,12.319,1233.174
2020s,toi-3976 a,1,12.274,55.62
2020s,toi-3980,1,14.46,187.519
2020s,toi-3984 a,1,7.9,44.0
2020s,toi-4087,1,13.047,232.015
2020s,toi-4127,1,12.285,731.005
2020s,toi-4137,1,13.574,457.673
2020s,toi-4145 a,1,13.305,136.666
2020s,toi-4153,1,16.119,365.503
2020s,toi-4155,1,3.21,10.4
2020s,toi-4184,1,2.43,6.48
2020s,toi-4201,1,13.675,788.214
2020s,toi-4214,1,10.682,165.271
2020s,toi-4308,1,2.419,6.43
2020s,toi-4329,1,16.813,143.023
2020s,toi-4336 a,1,2.12,5.14
2020s,toi-4364,1,2.01,4.7
2020s,toi-4377,1,15.11,304.162
2020s,toi-4379,1,16.69,353.743
2020s,toi-4406,1,11.209,95.349
2020s,toi-4438,1,2.52,5.4
2020s,toi-444,1,2.77,8.1
2020s,toi-4443,1,1.719,3.6
2020s,toi-4463 a,1,13.26,252.356
2020s,toi-4465,1,14.011,1872.009
2020s,toi-4479,1,2.82,8.35
2020s,toi-4487 a,1,14.605,397.286
2020s,toi-4495,1,3.63,12.8
2020s,toi-4507,1,8.2,20.0
2020s,toi-4515,1,12.17,637.0
2020s,toi-4527,1,0.909,0.689
2020s,toi-4551,1,11.859,473.564
2020s,toi-4559,1,1.415,2.59
2020s,toi-4582,1,10.536,168.449
2020s,toi-4602,1,2.55,7.04
2020s,toi-4603,1,11.68,4096.808
2020s,toi-4633,1,3.2,123.0
2020s,toi-4638,1,2.933,8.92
2020s,toi-4641,1,8.183,1229.996
2020s,toi-4666,1,12.442,222.48
2020s,toi-470,1,4.34,17.4
2020s,toi-4734,1,10.918,61.659
2020s,toi-4773,1,15.222,1687.669
2020s,toi-4791,1,12.442,734.184
2020s,toi-4794,1,14.359,308.294
2020s,toi-480,1,2.854,20.8
2020s,toi-481,1,11.097,486.28
2020s,toi-4860,1,8.7,86.7
2020s,toi-4914,1,12.87,227.0
2020s,toi-4940,1,6.61,89.0
2020s,toi-4961,1,12.341,572.091
2020s,toi-4994,1,8.541,88.992
2020s,toi-5005,1,6.25,32.7
2020s,toi-5027,1,10.761,642.013
2020s,toi-5076,1,3.489,16.146
2020s,toi-5082,1,2.548,7.03
2020s,toi-5108,1,6.6,32.0
2020s,toi-5110,1,11.982,921.702
2020s,toi-512,1,1.54,3.57
2020s,toi-5143,1,16.253,
2020s,toi-5153,1,11.882,1036.121
2020s,toi-5174,1,5.351,24.8
2020s,toi-5181 a,1,13.35,330.542
2020s,toi-519,1,11.545,147.155
2020s,toi-5205,1,11.6,343.0
2020s,toi-521,1,1.98,5.3
2020s,toi-5210,1,10.727,82.0
2020s,toi-5218,1,9.86,657.0
2020s,toi-5232,1,12.778,743.718
2020s,toi-5238,1,5.22,23.7
2020s,toi-5261,1,11.601,3651.848
2020s,toi-5293 a,1,11.9,170.4
2020s,toi-530,1,9.303,127.131
2020s,toi-5300,1,9.864,190.697
2020s,toi-5301,1,13.092,1182.322
2020s,toi-5319,1,2.83,8.4
2020s,toi-532,1,5.82,61.5
2020s,toi-5322,1,16.612,184.023
2020s,toi-5340,1,15.076,270.154
2020s,toi-5344,1,10.604,130.945
2020s,toi-5349,1,10.2,127.4
2020s,toi-5350,1,12.42,2094.489
2020s,toi-5386 a,1,14.706,155.1
2020s,toi-5388,1,1.894,4.25
2020s,toi-540,1,0.903,0.674
2020s,toi-5422,1,9.102,8899.195
2020s,toi-5542,1,11.31,419.533
2020s,toi-5573,1,9.75,112.0
2020s,toi-558,1,12.173,1147.361
2020s,toi-559,1,12.229,1910.149
2020s,toi-5592,1,17.15,285.728
2020s,toi-5616,1,10.78,624.0
2020s,toi-5634 a,1,10.42,588.0
2020s,toi-564,1,11.433,464.985
2020s,toi-5678,1,4.91,20.0
2020s,toi-5688 a,1,10.3,124.0
2020s,toi-5704,1,3.227,10.5
2020s,toi-5713,1,1.77,3.78
2020s,toi-5716,1,0.96,0.84
2020s,toi-5720,1,1.09,4.3
2020s,toi-5726,1,2.554,7.05
2020s,toi-5728,1,1.31,2.27
2020s,toi-5736,1,1.56,3.05
2020s,toi-5786,1,8.54,73.0
2020s,toi-5795,1,5.62,23.66
2020s,toi-5800,1,2.46,9.5
2020s,toi-5803,1,3.273,10.7
2020s,toi-5817,1,3.08,10.3
2020s,toi-5882,1,11.467,6995.403
2020s,toi-6000,1,0.94,0.779
2020s,toi-6002,1,1.65,3.36
2020s,toi-6008,1,1.03,4.0
2020s,toi-6016,1,13.675,371.859
2020s,toi-6029,1,14.392,519.649
2020s,toi-6034,1,11.92,254.0
2020s,toi-6038 a,1,6.41,78.5
2020s,toi-6086,1,1.18,1.76
2020s,toi-6130,1,14.347,333.72
2020s,toi-615,1,18.977,138.255
2020s,toi-620,1,3.76,13.6
2020s,toi-622,1,9.236,96.302
2020s,toi-6223,1,5.07,22.6
2020s,toi-6255,1,1.079,1.44
2020s,toi-628,1,11.882,2011.864
2020s,toi-6303,1,11.59,2493.0
2020s,toi-6324,1,1.059,1.17
2020s,toi-6330,1,10.89,3179.0
2020s,toi-6383 a,1,11.29,331.0
2020s,toi-640,1,19.279,181.162
2020s,toi-6420,1,11.938,2606.193
2020s,toi-6448,1,8.474,54.0
2020s,toi-6478,1,4.6,19.2
2020s,toi-654,1,2.378,8.71
2020s,toi-6628,1,10.985,235.193
2020s,toi-6651,1,5.09,61.0
2020s,toi-669,1,2.586,10.0
2020s,toi-672,1,5.26,24.1
2020s,toi-674,1,5.25,23.6
2020s,toi-677,1,13.115,392.2
2020s,toi-6894,1,9.584,53.395
2020s,toi-7041,1,11.433,114.418
2020s,toi-7149,1,13.2,224.0
2020s,toi-715,1,1.55,3.02
2020s,toi-7166,1,2.01,4.7
2020s,toi-733,1,1.992,5.72
2020s,toi-757,1,2.5,10.5
2020s,toi-762 a,1,8.339,79.775
2020s,toi-778,1,15.4,878.0
2020s,toi-782,1,2.734,19.1
2020s,toi-813,1,6.71,36.4
2020s,toi-824,1,2.926,18.467
2020s,toi-833,1,1.27,2.15
2020s,toi-837,1,9.169,120.457
2020s,toi-849,1,3.64,41.8
2020s,toi-858 b,1,14.067,349.611
2020s,toi-871,1,1.664,3.41
2020s,toi-892,1,11.994,301.939
2020s,toi-905,1,13.126,211.993
2020s,toi-907,1,9.616,67.0
2020s,toi-908,1,3.186,16.137
2020s,toi-912,1,1.93,5.1
2020s,toi-913,1,2.453,6.59
2020s,toi-954,1,9.55,55.302
2020s,tyc 0434-04538-1,1,12.7,1938.763
2020s,tyc 2187-512-1,1,12.5,104.883
2020s,ucac3 113-933,1,12.1,6674.397
2020s,ucac4 328-061594,1,12.1,6674.397
2020s,ups leo,1,14.2,162.092
2020s,v2376 ori,1,87.206,6356.568
2020s,wasp-102,1,14.908,197.689
2020s,wasp-107,1,13.2,115.0
2020s,wasp-108,1,15.132,283.503
2020s,wasp-110,1,13.193,154.782
2020s,wasp-116,1,13.675,203.41
2020s,wasp-149,1,15.244,314.968
2020s,wasp-150,1,11.994,2688.842
2020s,wasp-154,1,10.761,198.961
2020s,wasp-155,1,13.451,276.829
2020s,wasp-176,1,16.87,271.745
2020s,wasp-186,1,12.442,1341.243
2020s,wasp-187,1,18.383,254.264
2020s,wasp-188,1,14.818,458.626
2020s,wasp-189,1,18.147,632.479
2020s,wasp-193,1,14.785,35.597
2020s,wasp-194,1,15.48,373.131
2020s,wasp-195,1,10.312,33.054
2020s,wasp-197,1,14.448,403.324
2020s,wasp-84,1,1.95,15.2
2020s,wd 1856+534,1,10.4,4386.054
2020s,wendelstein-1,1,11.561,188.155
2020s,wendelstein-2,1,12.993,232.334
2020s,wise j033605.05-014350.4,1,12.6,2622.084
2020s,wispit 2,1,17.934,1541.468
2020s,wolf 1069,1,1.08,1.26
2020s,wolf 327,1,1.24,2.53
2020s,ztf j1230-2655,1,13.787,7024.008
2020s,ztf j1828+2308,1,11.131,6356.568
